origin_location_code,destination_location_code,departure_date,adults,currency,total,base,validatingAirlineCodes,distance,duration,duration_in_traffic
TLV,IST,2022-11-01,1,EUR,103.21,39.00,PC,1843656,74560,73476
TLV,IST,2022-11-01,1,EUR,145.53,62.00,PC,1843656,74560,73476
TLV,IST,2022-11-01,1,EUR,161.79,75.00,TK,1843656,74560,73476
TLV,IST,2022-11-01,1,EUR,174.81,104.00,A3,1843656,74560,73476
TLV,IST,2022-11-01,1,EUR,210.37,105.00,AF,1843656,74560,73476
TLV,IST,2022-11-01,1,EUR,236.79,150.00,TK,1843656,74560,73476
TLV,IST,2022-11-01,1,EUR,241.79,155.00,TK,1843656,74560,73476
TLV,IST,2022-11-01,1,EUR,255.81,185.00,A3,1843656,74560,73476
TLV,IST,2022-11-01,1,EUR,313.37,208.00,AF,1843656,74560,73476
TLV,IST,2022-11-01,1,EUR,374.82,279.00,AF,1843656,74560,73476
TLV,IST,2022-11-01,1,EUR,437.25,271.00,EK,1843656,74560,73476
TLV,IST,2022-11-01,1,EUR,451.27,214.00,MS,1843656,74560,73476
TLV,IST,2022-11-01,1,EUR,451.76,214.00,MS,1843656,74560,73476
TLV,IST,2022-11-01,1,EUR,452.26,214.00,MS,1843656,74560,73476
TLV,IST,2022-11-01,1,EUR,504.33,408.00,LH,1843656,74560,73476
TLV,IST,2022-11-01,1,EUR,510.77,408.00,LH,1843656,74560,73476
TLV,IST,2022-11-01,1,EUR,520.43,408.00,LH,1843656,74560,73476
TLV,IST,2022-11-01,1,EUR,527.74,355.00,AT,1843656,74560,73476
TLV,IST,2022-11-01,1,EUR,572.47,346.00,MS,1843656,74560,73476
TLV,IST,2022-11-01,1,EUR,593.82,438.00,FZ,1843656,74560,73476
TLV,IST,2022-11-01,1,EUR,643.77,373.00,ET,1843656,74560,73476
TLV,IST,2022-11-01,1,EUR,1332.06,1205.00,LO,1843656,74560,73476
TLV,AMS,2022-11-01,1,EUR,129.61,17.00,AZ,4539595,170777,Null
TLV,AMS,2022-11-01,1,EUR,135.42,19.00,PC,4539595,170777,Null
TLV,AMS,2022-11-01,1,EUR,172.75,139.00,LY,4539595,170777,Null
TLV,AMS,2022-11-01,1,EUR,179.31,58.00,TP,4539595,170777,Null
TLV,AMS,2022-11-01,1,EUR,181.37,140.00,UX,4539595,170777,Null
TLV,AMS,2022-11-01,1,EUR,182.06,58.00,TP,4539595,170777,Null
TLV,AMS,2022-11-01,1,EUR,208.20,160.00,UX,4539595,170777,Null
TLV,AMS,2022-11-01,1,EUR,215.51,148.00,A3,4539595,170777,Null
TLV,AMS,2022-11-01,1,EUR,224.06,137.00,LO,4539595,170777,Null
TLV,AMS,2022-11-01,1,EUR,252.04,155.00,AF,4539595,170777,Null
TLV,AMS,2022-11-01,1,EUR,253.82,108.00,TK,4539595,170777,Null
TLV,AMS,2022-11-01,1,EUR,258.82,113.00,TK,4539595,170777,Null
TLV,AMS,2022-11-01,1,EUR,267.54,162.00,VS,4539595,170777,Null
TLV,AMS,2022-11-01,1,EUR,282.75,229.00,LY,4539595,170777,Null
TLV,AMS,2022-11-01,1,EUR,298.54,193.00,VS,4539595,170777,Null
TLV,AMS,2022-11-01,1,EUR,320.20,272.00,IB,4539595,170777,Null
TLV,AMS,2022-11-01,1,EUR,332.20,253.00,AF,4539595,170777,Null
TLV,AMS,2022-11-01,1,EUR,367.37,326.00,IB,4539595,170777,Null
TLV,AMS,2022-11-01,1,EUR,378.04,281.00,AF,4539595,170777,Null
TLV,AMS,2022-11-01,1,EUR,390.04,293.00,AF,4539595,170777,Null
TLV,AMS,2022-11-01,1,EUR,409.24,313.00,AF,4539595,170777,Null
TLV,AMS,2022-11-01,1,EUR,466.27,229.00,MS,4539595,170777,Null
TLV,AMS,2022-11-01,1,EUR,479.24,383.00,AF,4539595,170777,Null
TLV,AMS,2022-11-01,1,EUR,482.25,316.00,EK,4539595,170777,Null
TLV,AMS,2022-11-01,1,EUR,489.74,317.00,AT,4539595,170777,Null
TLV,AMS,2022-11-01,1,EUR,520.86,434.00,LX,4539595,170777,Null
TLV,AMS,2022-11-01,1,EUR,523.77,434.00,OS,4539595,170777,Null
TLV,AMS,2022-11-01,1,EUR,529.49,434.00,LH,4539595,170777,Null
TLV,AMS,2022-11-01,1,EUR,531.24,435.00,AF,4539595,170777,Null
TLV,AMS,2022-11-01,1,EUR,536.77,434.00,LH,4539595,170777,Null
TLV,AMS,2022-11-01,1,EUR,712.75,664.00,AF,4539595,170777,Null
TLV,AMS,2022-11-01,1,EUR,776.79,673.00,LY,4539595,170777,Null
TLV,AMS,2022-11-01,1,EUR,784.07,673.00,LY,4539595,170777,Null
TLV,AMS,2022-11-01,1,EUR,832.23,715.00,VS,4539595,170777,Null
TLV,AMS,2022-11-01,1,EUR,1015.87,947.00,AF,4539595,170777,Null
TLV,AMS,2022-11-01,1,EUR,1055.16,990.00,AF,4539595,170777,Null
TLV,AMS,2022-11-01,1,EUR,1154.07,1073.00,AF,4539595,170777,Null
TLV,AMS,2022-11-01,1,EUR,1218.79,1153.00,AF,4539595,170777,Null
TLV,AMS,2022-11-01,1,EUR,1314.79,1249.00,AF,4539595,170777,Null
TLV,AMS,2022-11-01,1,EUR,1315.59,1249.00,AF,4539595,170777,Null
TLV,AMS,2022-11-01,1,EUR,1456.07,1353.00,LY,4539595,170777,Null
TLV,AMS,2022-11-01,1,EUR,1634.06,1547.00,AF,4539595,170777,Null
TLV,AMS,2022-11-01,1,EUR,1680.60,1600.00,AF,4539595,170777,Null
TLV,FRA,2022-11-01,1,EUR,129.61,17.00,AZ,4099074,156388,Null
TLV,FRA,2022-11-01,1,EUR,131.35,34.00,PC,4099074,156388,Null
TLV,FRA,2022-11-01,1,EUR,150.42,34.00,PC,4099074,156388,Null
TLV,FRA,2022-11-01,1,EUR,152.60,74.00,LO,4099074,156388,Null
TLV,FRA,2022-11-01,1,EUR,156.52,3.00,9U,4099074,156388,Null
TLV,FRA,2022-11-01,1,EUR,166.51,99.00,A3,4099074,156388,Null
TLV,FRA,2022-11-01,1,EUR,177.37,136.00,UX,4099074,156388,Null
TLV,FRA,2022-11-01,1,EUR,179.31,58.00,TP,4099074,156388,Null
TLV,FRA,2022-11-01,1,EUR,182.06,58.00,TP,4099074,156388,Null
TLV,FRA,2022-11-01,1,EUR,186.75,153.00,LY,4099074,156388,Null
TLV,FRA,2022-11-01,1,EUR,195.51,128.00,A3,4099074,156388,Null
TLV,FRA,2022-11-01,1,EUR,207.20,159.00,UX,4099074,156388,Null
TLV,FRA,2022-11-01,1,EUR,233.07,91.00,AZ,4099074,156388,Null
TLV,FRA,2022-11-01,1,EUR,236.06,159.00,LO,4099074,156388,Null
TLV,FRA,2022-11-01,1,EUR,236.74,155.00,SN,4099074,156388,Null
TLV,FRA,2022-11-01,1,EUR,247.51,139.00,A3,4099074,156388,Null
TLV,FRA,2022-11-01,1,EUR,251.75,91.00,AZ,4099074,156388,Null
TLV,FRA,2022-11-01,1,EUR,261.82,116.00,TK,4099074,156388,Null
TLV,FRA,2022-11-01,1,EUR,266.82,121.00,TK,4099074,156388,Null
TLV,FRA,2022-11-01,1,EUR,300.06,202.00,LO,4099074,156388,Null
TLV,FRA,2022-11-01,1,EUR,303.74,206.00,SN,4099074,156388,Null
TLV,FRA,2022-11-01,1,EUR,343.82,198.00,TK,4099074,156388,Null
TLV,FRA,2022-11-01,1,EUR,373.96,278.00,AF,4099074,156388,Null
TLV,FRA,2022-11-01,1,EUR,389.82,244.00,TK,4099074,156388,Null
TLV,FRA,2022-11-01,1,EUR,392.66,279.00,AF,4099074,156388,Null
TLV,FRA,2022-11-01,1,EUR,394.82,249.00,TK,4099074,156388,Null
TLV,FRA,2022-11-01,1,EUR,442.86,330.00,AF,4099074,156388,Null
TLV,FRA,2022-11-01,1,EUR,453.25,287.00,EK,4099074,156388,Null
TLV,FRA,2022-11-01,1,EUR,453.39,295.00,EY,4099074,156388,Null
TLV,FRA,2022-11-01,1,EUR,455.47,229.00,MS,4099074,156388,Null
TLV,FRA,2022-11-01,1,EUR,466.27,229.00,MS,4099074,156388,Null
TLV,FRA,2022-11-01,1,EUR,487.74,315.00,AT,4099074,156388,Null
TLV,FRA,2022-11-01,1,EUR,541.74,402.00,SN,4099074,156388,Null
TLV,FRA,2022-11-01,1,EUR,551.45,481.00,LH,4099074,156388,Null
TLV,FRA,2022-11-01,1,EUR,567.86,481.00,LX,4099074,156388,Null
TLV,FRA,2022-11-01,1,EUR,570.77,481.00,OS,4099074,156388,Null
TLV,FRA,2022-11-01,1,EUR,572.37,531.00,IB,4099074,156388,Null
TLV,FRA,2022-11-01,1,EUR,576.49,481.00,LH,4099074,156388,Null
TLV,FRA,2022-11-01,1,EUR,578.07,480.00,LY,4099074,156388,Null
TLV,FRA,2022-11-01,1,EUR,579.20,531.00,IB,4099074,156388,Null
TLV,FRA,2022-11-01,1,EUR,583.79,480.00,LY,4099074,156388,Null
TLV,FRA,2022-11-01,1,EUR,623.16,528.00,LY,4099074,156388,Null
TLV,FRA,2022-11-01,1,EUR,716.77,446.00,ET,4099074,156388,Null
TLV,FRA,2022-11-01,1,EUR,930.79,827.00,LY,4099074,156388,Null
TLV,FRA,2022-11-01,1,EUR,984.38,890.00,LY,4099074,156388,Null
TLV,FRA,2022-11-01,1,EUR,1018.37,953.00,AF,4099074,156388,Null
TLV,FRA,2022-11-01,1,EUR,1040.79,932.00,LY,4099074,156388,Null
TLV,FRA,2022-11-01,1,EUR,1215.52,1121.00,LY,4099074,156388,Null
TLV,FRA,2022-11-01,1,EUR,1790.41,1687.00,LY,4099074,156388,Null
TLV,FRA,2022-11-01,1,EUR,1790.93,1687.00,LY,4099074,156388,Null
TLV,DME,2022-11-01,1,EUR,176.76,51.00,PC,3710699,166402,Null
TLV,DME,2022-11-01,1,EUR,210.99,51.00,PC,3710699,166402,Null
TLV,DME,2022-11-01,1,EUR,225.56,51.00,PC,3710699,166402,Null
TLV,DME,2022-11-01,1,EUR,259.09,216.00,LY,3710699,166402,Null
TLV,DME,2022-11-01,1,EUR,389.08,207.00,AT,3710699,166402,Null
TLV,DME,2022-11-01,1,EUR,408.20,312.00,LX,3710699,166402,Null
TLV,DME,2022-11-01,1,EUR,424.11,312.00,LH,3710699,166402,Null
TLV,DME,2022-11-01,1,EUR,439.20,312.00,LH,3710699,166402,Null
TLV,DME,2022-11-01,1,EUR,446.59,271.00,EK,3710699,166402,Null
TLV,DME,2022-11-01,1,EUR,477.11,365.00,LH,3710699,166402,Null
TLV,DME,2022-11-01,1,EUR,500.10,253.00,MS,3710699,166402,Null
TLV,DME,2022-11-01,1,EUR,632.50,528.00,LY,3710699,166402,Null
TLV,SAW,2022-11-01,1,EUR,103.21,39.00,PC,1775886,72341,71203
TLV,SAW,2022-11-01,1,EUR,145.53,62.00,PC,1775886,72341,71203
TLV,SAW,2022-11-01,1,EUR,161.79,75.00,TK,1775886,72341,71203
TLV,SAW,2022-11-01,1,EUR,437.25,271.00,EK,1775886,72341,71203
TLV,SAW,2022-11-01,1,EUR,593.82,438.00,FZ,1775886,72341,71203
TLV,CDG,2022-11-01,1,EUR,160.61,48.00,AZ,4532142,171268,Null
TLV,CDG,2022-11-01,1,EUR,179.75,146.00,LY,4532142,171268,Null
TLV,CDG,2022-11-01,1,EUR,203.29,72.00,AZ,4532142,171268,Null
TLV,CDG,2022-11-01,1,EUR,221.06,134.00,LO,4532142,171268,Null
TLV,CDG,2022-11-01,1,EUR,223.61,111.00,AZ,4532142,171268,Null
TLV,CDG,2022-11-01,1,EUR,227.76,79.00,TK,4532142,171268,Null
TLV,CDG,2022-11-01,1,EUR,232.76,84.00,TK,4532142,171268,Null
TLV,CDG,2022-11-01,1,EUR,241.75,208.00,LY,4532142,171268,Null
TLV,CDG,2022-11-01,1,EUR,242.20,163.00,AF,4532142,171268,Null
TLV,CDG,2022-11-01,1,EUR,253.76,105.00,TK,4532142,171268,Null
TLV,CDG,2022-11-01,1,EUR,258.76,110.00,TK,4532142,171268,Null
TLV,CDG,2022-11-01,1,EUR,263.07,121.00,AZ,4532142,171268,Null
TLV,CDG,2022-11-01,1,EUR,272.82,177.00,AF,4532142,171268,Null
TLV,CDG,2022-11-01,1,EUR,275.75,242.00,LY,4532142,171268,Null
TLV,CDG,2022-11-01,1,EUR,277.80,161.00,SN,4532142,171268,Null
TLV,CDG,2022-11-01,1,EUR,283.76,135.00,TK,4532142,171268,Null
TLV,CDG,2022-11-01,1,EUR,329.82,234.00,AF,4532142,171268,Null
TLV,CDG,2022-11-01,1,EUR,370.20,291.00,AF,4532142,171268,Null
TLV,CDG,2022-11-01,1,EUR,371.76,223.00,TK,4532142,171268,Null
TLV,CDG,2022-11-01,1,EUR,400.82,305.00,AF,4532142,171268,Null
TLV,CDG,2022-11-01,1,EUR,436.76,288.00,TK,4532142,171268,Null
TLV,CDG,2022-11-01,1,EUR,467.75,229.00,MS,4532142,171268,Null
TLV,CDG,2022-11-01,1,EUR,472.74,300.00,AT,4532142,171268,Null
TLV,CDG,2022-11-01,1,EUR,496.54,391.00,VS,4532142,171268,Null
TLV,CDG,2022-11-01,1,EUR,503.25,337.00,EK,4532142,171268,Null
TLV,CDG,2022-11-01,1,EUR,523.77,434.00,OS,4532142,171268,Null
TLV,CDG,2022-11-01,1,EUR,529.49,434.00,LH,4532142,171268,Null
TLV,CDG,2022-11-01,1,EUR,536.77,434.00,LH,4532142,171268,Null
TLV,CDG,2022-11-01,1,EUR,572.37,531.00,IB,4532142,171268,Null
TLV,CDG,2022-11-01,1,EUR,618.44,522.00,LY,4532142,171268,Null
TLV,CDG,2022-11-01,1,EUR,633.07,522.00,LY,4532142,171268,Null
TLV,CDG,2022-11-01,1,EUR,662.51,595.00,A3,4532142,171268,Null
TLV,CDG,2022-11-01,1,EUR,705.16,610.00,LY,4532142,171268,Null
TLV,CDG,2022-11-01,1,EUR,708.07,610.00,LY,4532142,171268,Null
TLV,CDG,2022-11-01,1,EUR,713.79,610.00,LY,4532142,171268,Null
TLV,CDG,2022-11-01,1,EUR,724.54,619.00,VS,4532142,171268,Null
TLV,CDG,2022-11-01,1,EUR,757.86,671.00,LX,4532142,171268,Null
TLV,CDG,2022-11-01,1,EUR,773.77,671.00,LH,4532142,171268,Null
TLV,CDG,2022-11-01,1,EUR,1080.37,1015.00,AF,4532142,171268,Null
TLV,CDG,2022-11-01,1,EUR,1121.37,1015.00,LY,4532142,171268,Null
TLV,CDG,2022-11-01,1,EUR,1236.07,1125.00,LY,4532142,171268,Null
TLV,CDG,2022-11-01,1,EUR,1343.41,1229.00,LY,4532142,171268,Null
TLV,CDG,2022-11-01,1,EUR,1348.77,1108.00,ET,4532142,171268,Null
TLV,CDG,2022-11-01,1,EUR,1362.16,1256.00,LY,4532142,171268,Null
TLV,CDG,2022-11-01,1,EUR,1402.75,1313.00,LY,4532142,171268,Null
TLV,CDG,2022-11-01,1,EUR,1855.06,1727.00,LO,4532142,171268,Null
TLV,MAD,2022-11-01,1,EUR,143.42,27.00,PC,5329680,198422,Null
TLV,MAD,2022-11-01,1,EUR,164.82,135.00,UX,5329680,198422,Null
TLV,MAD,2022-11-01,1,EUR,170.74,89.00,SN,5329680,198422,Null
TLV,MAD,2022-11-01,1,EUR,171.61,59.00,AZ,5329680,198422,Null
TLV,MAD,2022-11-01,1,EUR,181.80,89.00,SN,5329680,198422,Null
TLV,MAD,2022-11-01,1,EUR,194.51,127.00,A3,5329680,198422,Null
TLV,MAD,2022-11-01,1,EUR,207.75,174.00,LY,5329680,198422,Null
TLV,MAD,2022-11-01,1,EUR,211.61,99.00,AZ,5329680,198422,Null
TLV,MAD,2022-11-01,1,EUR,215.31,94.00,TP,5329680,198422,Null
TLV,MAD,2022-11-01,1,EUR,218.06,94.00,TP,5329680,198422,Null
TLV,MAD,2022-11-01,1,EUR,259.06,172.00,LO,5329680,198422,Null
TLV,MAD,2022-11-01,1,EUR,278.82,183.00,AF,5329680,198422,Null
TLV,MAD,2022-11-01,1,EUR,292.90,211.00,VY,5329680,198422,Null
TLV,MAD,2022-11-01,1,EUR,297.55,137.00,TK,5329680,198422,Null
TLV,MAD,2022-11-01,1,EUR,302.55,142.00,TK,5329680,198422,Null
TLV,MAD,2022-11-01,1,EUR,304.24,208.00,AF,5329680,198422,Null
TLV,MAD,2022-11-01,1,EUR,316.82,287.00,IB,5329680,198422,Null
TLV,MAD,2022-11-01,1,EUR,333.90,252.00,IB,5329680,198422,Null
TLV,MAD,2022-11-01,1,EUR,348.90,267.00,IB,5329680,198422,Null
TLV,MAD,2022-11-01,1,EUR,363.75,330.00,IB,5329680,198422,Null
TLV,MAD,2022-11-01,1,EUR,368.74,196.00,AT,5329680,198422,Null
TLV,MAD,2022-11-01,1,EUR,398.07,256.00,AZ,5329680,198422,Null
TLV,MAD,2022-11-01,1,EUR,406.24,310.00,AF,5329680,198422,Null
TLV,MAD,2022-11-01,1,EUR,466.27,229.00,MS,5329680,198422,Null
TLV,MAD,2022-11-01,1,EUR,489.83,444.00,IB,5329680,198422,Null
TLV,MAD,2022-11-01,1,EUR,491.25,325.00,EK,5329680,198422,Null
TLV,MAD,2022-11-01,1,EUR,493.82,464.00,LY,5329680,198422,Null
TLV,MAD,2022-11-01,1,EUR,514.86,428.00,LX,5329680,198422,Null
TLV,MAD,2022-11-01,1,EUR,521.24,425.00,AF,5329680,198422,Null
TLV,MAD,2022-11-01,1,EUR,523.49,428.00,LH,5329680,198422,Null
TLV,MAD,2022-11-01,1,EUR,530.77,428.00,LH,5329680,198422,Null
TLV,MAD,2022-11-01,1,EUR,534.10,428.00,OS,5329680,198422,Null
TLV,MAD,2022-11-01,1,EUR,571.83,477.00,AF,5329680,198422,Null
TLV,MAD,2022-11-01,1,EUR,577.83,532.00,LY,5329680,198422,Null
TLV,MAD,2022-11-01,1,EUR,1343.45,1253.00,AF,5329680,198422,Null
TLV,MAD,2022-11-01,1,EUR,1445.97,1251.00,AF,5329680,198422,Null
TLV,LED,2022-11-01,1,EUR,197.52,67.00,PC,4450977,192409,Null
TLV,LED,2022-11-01,1,EUR,392.52,331.00,LY,4450977,192409,Null
TLV,LED,2022-11-01,1,EUR,400.52,339.00,LY,4450977,192409,Null
TLV,LED,2022-11-01,1,EUR,405.52,356.00,LY,4450977,192409,Null
TLV,LED,2022-11-01,1,EUR,412.96,312.00,LX,4450977,192409,Null
TLV,LED,2022-11-01,1,EUR,428.87,312.00,LH,4450977,192409,Null
TLV,LED,2022-11-01,1,EUR,443.96,312.00,LH,4450977,192409,Null
TLV,LED,2022-11-01,1,EUR,467.61,366.00,LY,4450977,192409,Null
TLV,LED,2022-11-01,1,EUR,473.35,293.00,EK,4450977,192409,Null
TLV,LED,2022-11-01,1,EUR,510.17,385.00,LY,4450977,192409,Null
TLV,LED,2022-11-01,1,EUR,534.02,352.00,EK,4450977,192409,Null
TLV,LED,2022-11-01,1,EUR,534.58,352.00,EK,4450977,192409,Null
TLV,LED,2022-11-01,1,EUR,535.67,362.00,TK,4450977,192409,Null
TLV,LED,2022-11-01,1,EUR,540.67,367.00,TK,4450977,192409,Null
TLV,LED,2022-11-01,1,EUR,1446.17,1321.00,LY,4450977,192409,Null
TLV,LED,2022-11-01,1,EUR,2200.24,2074.00,OS,4450977,192409,Null
TLV,LHR,2022-11-01,1,EUR,129.61,17.00,AZ,4890586,186761,Null
TLV,LHR,2022-11-01,1,EUR,148.29,17.00,AZ,4890586,186761,Null
TLV,LHR,2022-11-01,1,EUR,173.29,42.00,AZ,4890586,186761,Null
TLV,LHR,2022-11-01,1,EUR,186.60,57.00,TP,4890586,186761,Null
TLV,LHR,2022-11-01,1,EUR,195.81,125.00,A3,4890586,186761,Null
TLV,LHR,2022-11-01,1,EUR,230.81,160.00,A3,4890586,186761,Null
TLV,LHR,2022-11-01,1,EUR,246.74,165.00,SN,4890586,186761,Null
TLV,LHR,2022-11-01,1,EUR,250.08,179.00,VS,4890586,186761,Null
TLV,LHR,2022-11-01,1,EUR,257.80,165.00,SN,4890586,186761,Null
TLV,LHR,2022-11-01,1,EUR,260.74,171.00,SN,4890586,186761,Null
TLV,LHR,2022-11-01,1,EUR,261.45,163.00,AF,4890586,186761,Null
TLV,LHR,2022-11-01,1,EUR,277.06,200.00,LO,4890586,186761,Null
TLV,LHR,2022-11-01,1,EUR,279.75,246.00,LY,4890586,186761,Null
TLV,LHR,2022-11-01,1,EUR,285.84,189.00,AF,4890586,186761,Null
TLV,LHR,2022-11-01,1,EUR,306.75,253.00,LY,4890586,186761,Null
TLV,LHR,2022-11-01,1,EUR,316.82,221.00,AF,4890586,186761,Null
TLV,LHR,2022-11-01,1,EUR,316.84,220.00,AF,4890586,186761,Null
TLV,LHR,2022-11-01,1,EUR,349.82,254.00,AF,4890586,186761,Null
TLV,LHR,2022-11-01,1,EUR,367.37,326.00,IB,4890586,186761,Null
TLV,LHR,2022-11-01,1,EUR,375.92,236.00,TK,4890586,186761,Null
TLV,LHR,2022-11-01,1,EUR,380.92,241.00,TK,4890586,186761,Null
TLV,LHR,2022-11-01,1,EUR,387.82,292.00,AF,4890586,186761,Null
TLV,LHR,2022-11-01,1,EUR,405.66,292.00,AF,4890586,186761,Null
TLV,LHR,2022-11-01,1,EUR,438.82,343.00,AF,4890586,186761,Null
TLV,LHR,2022-11-01,1,EUR,438.84,342.00,AF,4890586,186761,Null
TLV,LHR,2022-11-01,1,EUR,466.27,229.00,MS,4890586,186761,Null
TLV,LHR,2022-11-01,1,EUR,479.74,307.00,AT,4890586,186761,Null
TLV,LHR,2022-11-01,1,EUR,493.25,327.00,EK,4890586,186761,Null
TLV,LHR,2022-11-01,1,EUR,579.86,493.00,LX,4890586,186761,Null
TLV,LHR,2022-11-01,1,EUR,581.25,415.00,EK,4890586,186761,Null
TLV,LHR,2022-11-01,1,EUR,582.77,493.00,OS,4890586,186761,Null
TLV,LHR,2022-11-01,1,EUR,584.37,543.00,IB,4890586,186761,Null
TLV,LHR,2022-11-01,1,EUR,589.33,493.00,LH,4890586,186761,Null
TLV,LHR,2022-11-01,1,EUR,595.77,493.00,LH,4890586,186761,Null
TLV,LHR,2022-11-01,1,EUR,644.25,478.00,EK,4890586,186761,Null
TLV,LHR,2022-11-01,1,EUR,874.37,809.00,AF,4890586,186761,Null
TLV,LHR,2022-11-01,1,EUR,1044.39,937.00,LY,4890586,186761,Null
TLV,LHR,2022-11-01,1,EUR,1141.39,1034.00,LY,4890586,186761,Null
TLV,LHR,2022-11-01,1,EUR,1336.57,1191.00,AF,4890586,186761,Null
TLV,LHR,2022-11-01,1,EUR,1535.74,1381.00,SN,4890586,186761,Null
TLV,ATH,2022-11-01,1,EUR,71.82,32.00,A3,2921454,114644,Null
TLV,ATH,2022-11-01,1,EUR,135.61,23.00,AZ,2921454,114644,116360
TLV,ATH,2022-11-01,1,EUR,150.42,34.00,PC,2921454,114644,116360
TLV,ATH,2022-11-01,1,EUR,160.61,48.00,AZ,2921454,114644,116360
TLV,ATH,2022-11-01,1,EUR,227.99,92.00,TK,2921454,114644,116360
TLV,ATH,2022-11-01,1,EUR,232.99,97.00,TK,2921454,114644,116360
TLV,ATH,2022-11-01,1,EUR,234.24,138.00,AF,2921454,114644,Null
TLV,ATH,2022-11-01,1,EUR,278.82,183.00,AF,2921454,114644,116360
TLV,ATH,2022-11-01,1,EUR,304.24,208.00,AF,2921454,114644,116360
TLV,ATH,2022-11-01,1,EUR,322.66,209.00,AF,2921454,114644,Null
TLV,ATH,2022-11-01,1,EUR,328.54,205.00,HR,2921454,114644,116360
TLV,ATH,2022-11-01,1,EUR,335.74,230.00,SN,2921454,114644,116360
TLV,ATH,2022-11-01,1,EUR,353.86,241.00,AF,2921454,114644,Null
TLV,ATH,2022-11-01,1,EUR,354.66,241.00,AF,2921454,114644,Null
TLV,ATH,2022-11-01,1,EUR,434.25,268.00,EK,2921454,114644,116360
TLV,ATH,2022-11-01,1,EUR,440.47,214.00,MS,2921454,114644,116360
TLV,ATH,2022-11-01,1,EUR,451.27,214.00,MS,2921454,114644,116360
TLV,ATH,2022-11-01,1,EUR,494.86,408.00,LX,2921454,114644,116360
TLV,ATH,2022-11-01,1,EUR,497.77,408.00,OS,2921454,114644,Null
TLV,ATH,2022-11-01,1,EUR,503.49,408.00,LH,2921454,114644,116360
TLV,ATH,2022-11-01,1,EUR,510.77,408.00,LH,2921454,114644,116360
TLV,ATH,2022-11-01,1,EUR,523.14,408.00,LH,2921454,114644,116360
TLV,ATH,2022-11-01,1,EUR,533.20,485.00,IB,2921454,114644,116360
TLV,ATH,2022-11-01,1,EUR,1078.37,1013.00,AF,2921454,114644,116360
TLV,ORY,2022-11-01,1,EUR,145.42,29.00,PC,4549373,172090,Null
TLV,ORY,2022-11-01,1,EUR,179.29,48.00,AZ,4549373,172090,Null
TLV,ORY,2022-11-01,1,EUR,179.65,29.00,PC,4549373,172090,Null
TLV,ORY,2022-11-01,1,EUR,181.31,60.00,TP,4549373,172090,Null
TLV,ORY,2022-11-01,1,EUR,184.06,60.00,TP,4549373,172090,Null
TLV,ORY,2022-11-01,1,EUR,197.37,156.00,UX,4549373,172090,Null
TLV,ORY,2022-11-01,1,EUR,203.29,72.00,AZ,4549373,172090,Null
TLV,ORY,2022-11-01,1,EUR,204.20,156.00,UX,4549373,172090,Null
TLV,ORY,2022-11-01,1,EUR,224.20,176.00,UX,4549373,172090,Null
TLV,ORY,2022-11-01,1,EUR,281.75,121.00,AZ,4549373,172090,Null
TLV,ORY,2022-11-01,1,EUR,283.80,203.00,VY,4549373,172090,Null
TLV,ORY,2022-11-01,1,EUR,472.74,300.00,AT,4549373,172090,Null
TLV,ORY,2022-11-01,1,EUR,529.49,434.00,LH,4549373,172090,Null
TLV,ORY,2022-11-01,1,EUR,536.37,434.00,LH,4549373,172090,Null
TLV,ORY,2022-11-01,1,EUR,549.14,434.00,LH,4549373,172090,Null
TLV,ORY,2022-11-01,1,EUR,572.37,531.00,IB,4549373,172090,Null
TLV,ORY,2022-11-01,1,EUR,579.20,531.00,IB,4549373,172090,Null
TLV,ORY,2022-11-01,1,EUR,618.44,522.00,LY,4549373,172090,Null
TLV,ORY,2022-11-01,1,EUR,621.14,506.00,LH,4549373,172090,Null
TLV,ORY,2022-11-01,1,EUR,625.79,522.00,LY,4549373,172090,Null
TLV,ORY,2022-11-01,1,EUR,655.30,610.00,LY,4549373,172090,Null
TLV,ORY,2022-11-01,1,EUR,801.37,760.00,LY,4549373,172090,Null
TLV,ORY,2022-11-01,1,EUR,1516.08,1410.00,AF,4549373,172090,Null
TLV,ORY,2022-11-01,1,EUR,2089.18,1660.00,DL,4549373,172090,Null
TLV,ORY,2022-11-01,1,EUR,5781.34,5589.00,AF,4549373,172090,Null
TLV,ORY,2022-11-01,1,EUR,5820.04,5589.00,AF,4549373,172090,Null
TLV,BCN,2022-11-01,1,EUR,145.42,29.00,PC,4756410,179267,Null
TLV,BCN,2022-11-01,1,EUR,160.51,93.00,A3,4756410,179267,Null
TLV,BCN,2022-11-01,1,EUR,169.74,88.00,SN,4756410,179267,Null
TLV,BCN,2022-11-01,1,EUR,177.61,65.00,AZ,4756410,179267,Null
TLV,BCN,2022-11-01,1,EUR,178.82,149.00,VY,4756410,179267,Null
TLV,BCN,2022-11-01,1,EUR,179.65,29.00,PC,4756410,179267,Null
TLV,BCN,2022-11-01,1,EUR,180.80,88.00,SN,4756410,179267,Null
TLV,BCN,2022-11-01,1,EUR,187.82,158.00,IB,4756410,179267,Null
TLV,BCN,2022-11-01,1,EUR,215.31,94.00,TP,4756410,179267,Null
TLV,BCN,2022-11-01,1,EUR,218.06,94.00,TP,4756410,179267,Null
TLV,BCN,2022-11-01,1,EUR,234.24,138.00,AF,4756410,179267,Null
TLV,BCN,2022-11-01,1,EUR,243.75,210.00,LY,4756410,179267,Null
TLV,BCN,2022-11-01,1,EUR,251.55,91.00,TK,4756410,179267,Null
TLV,BCN,2022-11-01,1,EUR,254.06,167.00,LO,4756410,179267,Null
TLV,BCN,2022-11-01,1,EUR,256.07,114.00,AZ,4756410,179267,Null
TLV,BCN,2022-11-01,1,EUR,256.55,96.00,TK,4756410,179267,Null
TLV,BCN,2022-11-01,1,EUR,269.04,219.00,UX,4756410,179267,Null
TLV,BCN,2022-11-01,1,EUR,274.53,232.00,IB,4756410,179267,Null
TLV,BCN,2022-11-01,1,EUR,278.82,183.00,AF,4756410,179267,Null
TLV,BCN,2022-11-01,1,EUR,304.24,208.00,AF,4756410,179267,Null
TLV,BCN,2022-11-01,1,EUR,336.82,241.00,AF,4756410,179267,Null
TLV,BCN,2022-11-01,1,EUR,367.82,272.00,AF,4756410,179267,Null
TLV,BCN,2022-11-01,1,EUR,384.75,351.00,IB,4756410,179267,Null
TLV,BCN,2022-11-01,1,EUR,391.74,219.00,AT,4756410,179267,Null
TLV,BCN,2022-11-01,1,EUR,493.25,327.00,EK,4756410,179267,Null
TLV,BCN,2022-11-01,1,EUR,514.86,428.00,LX,4756410,179267,Null
TLV,BCN,2022-11-01,1,EUR,517.77,428.00,OS,4756410,179267,Null
TLV,BCN,2022-11-01,1,EUR,523.49,428.00,LH,4756410,179267,Null
TLV,BCN,2022-11-01,1,EUR,539.03,450.00,LY,4756410,179267,Null
TLV,BCN,2022-11-01,1,EUR,561.07,450.00,LY,4756410,179267,Null
TLV,BCN,2022-11-01,1,EUR,635.79,532.00,LY,4756410,179267,Null
TLV,BCN,2022-11-01,1,EUR,728.53,686.00,LY,4756410,179267,Null
TLV,BCN,2022-11-01,1,EUR,884.77,782.00,LH,4756410,179267,Null
TLV,BCN,2022-11-01,1,EUR,1211.79,1105.00,LY,4756410,179267,Null
TLV,BCN,2022-11-01,1,EUR,1270.37,1205.00,AF,4756410,179267,Null
TLV,BCN,2022-11-01,1,EUR,1308.51,1202.00,LY,4756410,179267,Null
TLV,BCN,2022-11-01,1,EUR,1366.07,1255.00,LY,4756410,179267,Null
TLV,BCN,2022-11-01,1,EUR,1727.22,1385.00,UA,4756410,179267,Null
TLV,BCN,2022-11-01,1,EUR,2472.18,2043.00,DL,4756410,179267,Null
TLV,VKO,2022-11-01,1,EUR,242.50,26.00,TK,3761569,168725,Null
TLV,VKO,2022-11-01,1,EUR,447.15,271.00,EK,3761569,168725,Null
TLV,VKO,2022-11-01,1,EUR,590.33,425.00,FZ,3761569,168725,Null
TLV,VKO,2022-11-01,1,EUR,698.12,530.00,TK,3761569,168725,Null
TLV,VKO,2022-11-01,1,EUR,703.12,535.00,TK,3761569,168725,Null
TLV,VKO,2022-11-01,1,EUR,1078.15,902.00,EK,3761569,168725,Null
TLV,VKO,2022-11-01,1,EUR,1747.00,1532.00,TK,3761569,168725,Null
TLV,VKO,2022-11-01,1,EUR,1749.00,1532.00,TK,3761569,168725,Null
TLV,PMI,2022-11-01,1,EUR,237.29,194.00,UX,5006409,211055,Null
TLV,PMI,2022-11-01,1,EUR,244.42,194.00,UX,5006409,211055,Null
TLV,PMI,2022-11-01,1,EUR,274.30,193.00,VY,5006409,211055,Null
TLV,PMI,2022-11-01,1,EUR,281.03,193.00,VY,5006409,211055,Null
TLV,PMI,2022-11-01,1,EUR,290.72,183.00,AF,5006409,211055,Null
TLV,PMI,2022-11-01,1,EUR,291.32,183.00,AF,5006409,211055,Null
TLV,PMI,2022-11-01,1,EUR,291.93,183.00,AF,5006409,211055,Null
TLV,PMI,2022-11-01,1,EUR,292.53,183.00,AF,5006409,211055,Null
TLV,PMI,2022-11-01,1,EUR,297.45,183.00,AF,5006409,211055,Null
TLV,PMI,2022-11-01,1,EUR,308.03,259.00,UX,5006409,211055,Null
TLV,PMI,2022-11-01,1,EUR,334.72,227.00,AF,5006409,211055,Null
TLV,PMI,2022-11-01,1,EUR,336.90,295.00,UX,5006409,211055,Null
TLV,PMI,2022-11-01,1,EUR,344.44,253.00,AF,5006409,211055,Null
TLV,PMI,2022-11-01,1,EUR,369.01,320.00,UX,5006409,211055,Null
TLV,PMI,2022-11-01,1,EUR,376.52,320.00,UX,5006409,211055,Null
TLV,PMI,2022-11-01,1,EUR,435.83,390.00,IB,5006409,211055,Null
TLV,PMI,2022-11-01,1,EUR,442.96,390.00,IB,5006409,211055,Null
TLV,PMI,2022-11-01,1,EUR,443.90,402.00,UX,5006409,211055,Null
TLV,PMI,2022-11-01,1,EUR,462.72,355.00,AF,5006409,211055,Null
TLV,PMI,2022-11-01,1,EUR,463.30,356.00,AF,5006409,211055,Null
TLV,PMI,2022-11-01,1,EUR,463.32,355.00,AF,5006409,211055,Null
TLV,PMI,2022-11-01,1,EUR,514.30,407.00,AF,5006409,211055,Null
TLV,PMI,2022-11-01,1,EUR,514.86,428.00,LX,5006409,211055,Null
TLV,PMI,2022-11-01,1,EUR,523.49,428.00,LH,5006409,211055,Null
TLV,PMI,2022-11-01,1,EUR,530.77,428.00,LH,5006409,211055,Null
TLV,PMI,2022-11-01,1,EUR,543.14,428.00,LH,5006409,211055,Null
TLV,PMI,2022-11-01,1,EUR,545.86,428.00,LH,5006409,211055,Null
TLV,PMI,2022-11-01,1,EUR,547.10,428.00,LH,5006409,211055,Null
TLV,PMI,2022-11-01,1,EUR,556.90,515.00,IB,5006409,211055,Null
TLV,PMI,2022-11-01,1,EUR,578.30,471.00,AF,5006409,211055,Null
TLV,PMI,2022-11-01,1,EUR,578.32,470.00,AF,5006409,211055,Null
TLV,PMI,2022-11-01,1,EUR,578.90,471.00,AF,5006409,211055,Null
TLV,PMI,2022-11-01,1,EUR,623.16,528.00,LY,5006409,211055,Null
TLV,PMI,2022-11-01,1,EUR,628.91,522.00,AF,5006409,211055,Null
TLV,PMI,2022-11-01,1,EUR,727.90,686.00,LY,5006409,211055,Null
TLV,PMI,2022-11-01,1,EUR,775.90,734.00,LY,5006409,211055,Null
TLV,PMI,2022-11-01,1,EUR,801.98,708.00,IB,5006409,211055,Null
TLV,PMI,2022-11-01,1,EUR,1092.91,1035.00,IB,5006409,211055,Null
TLV,PMI,2022-11-01,1,EUR,1239.29,1196.00,IB,5006409,211055,Null
TLV,PMI,2022-11-01,1,EUR,1397.07,1286.00,LY,5006409,211055,Null
TLV,MUC,2022-11-01,1,EUR,131.35,34.00,PC,3734317,143087,Null
TLV,MUC,2022-11-01,1,EUR,150.42,34.00,PC,3734317,143087,Null
TLV,MUC,2022-11-01,1,EUR,152.60,74.00,LO,3734317,143087,146332
TLV,MUC,2022-11-01,1,EUR,160.61,48.00,AZ,3734317,143087,146332
TLV,MUC,2022-11-01,1,EUR,166.75,133.00,LY,3734317,143087,Null
TLV,MUC,2022-11-01,1,EUR,177.37,136.00,UX,3734317,143087,Null
TLV,MUC,2022-11-01,1,EUR,184.51,117.00,A3,3734317,143087,146332
TLV,MUC,2022-11-01,1,EUR,193.20,145.00,UX,3734317,143087,Null
TLV,MUC,2022-11-01,1,EUR,201.24,105.00,AF,3734317,143087,Null
TLV,MUC,2022-11-01,1,EUR,203.31,82.00,TP,3734317,143087,146332
TLV,MUC,2022-11-01,1,EUR,206.06,82.00,TP,3734317,143087,Null
TLV,MUC,2022-11-01,1,EUR,257.06,180.00,LO,3734317,143087,Null
TLV,MUC,2022-11-01,1,EUR,266.51,199.00,A3,3734317,143087,146332
TLV,MUC,2022-11-01,1,EUR,272.24,176.00,AF,3734317,143087,Null
TLV,MUC,2022-11-01,1,EUR,285.82,140.00,TK,3734317,143087,146332
TLV,MUC,2022-11-01,1,EUR,290.82,145.00,TK,3734317,143087,146332
TLV,MUC,2022-11-01,1,EUR,293.80,213.00,VY,3734317,143087,Null
TLV,MUC,2022-11-01,1,EUR,459.25,293.00,EK,3734317,143087,146332
TLV,MUC,2022-11-01,1,EUR,462.51,354.00,A3,3734317,143087,146332
TLV,MUC,2022-11-01,1,EUR,466.27,229.00,MS,3734317,143087,146332
TLV,MUC,2022-11-01,1,EUR,484.80,352.00,SN,3734317,143087,Null
TLV,MUC,2022-11-01,1,EUR,545.45,475.00,LH,3734317,143087,Null
TLV,MUC,2022-11-01,1,EUR,561.86,475.00,LX,3734317,143087,Null
TLV,MUC,2022-11-01,1,EUR,564.77,475.00,OS,3734317,143087,Null
TLV,MUC,2022-11-01,1,EUR,572.37,531.00,IB,3734317,143087,146332
TLV,MUC,2022-11-01,1,EUR,577.77,475.00,LH,3734317,143087,Null
TLV,MUC,2022-11-01,1,EUR,579.20,531.00,IB,3734317,143087,Null
TLV,MUC,2022-11-01,1,EUR,2346.67,2065.00,AC,3734317,143087,146332
TLV,MUC,2022-11-01,1,EUR,4702.52,4399.00,UA,3734317,143087,Null
TLV,MUC,2022-11-01,1,EUR,4812.52,4509.00,UA,3734317,143087,146332
TLV,FCO,2022-11-01,1,EUR,119.29,43.00,AZ,4072758,154867,Null
TLV,FCO,2022-11-01,1,EUR,138.75,105.00,LY,4072758,154867,Null
TLV,FCO,2022-11-01,1,EUR,140.42,24.00,PC,4072758,154867,Null
TLV,FCO,2022-11-01,1,EUR,166.51,99.00,A3,4072758,154867,Null
TLV,FCO,2022-11-01,1,EUR,170.74,89.00,SN,4072758,154867,Null
TLV,FCO,2022-11-01,1,EUR,178.31,57.00,TP,4072758,154867,Null
TLV,FCO,2022-11-01,1,EUR,181.06,57.00,TP,4072758,154867,Null
TLV,FCO,2022-11-01,1,EUR,181.80,89.00,SN,4072758,154867,Null
TLV,FCO,2022-11-01,1,EUR,204.20,156.00,UX,4072758,154867,Null
TLV,FCO,2022-11-01,1,EUR,214.24,118.00,AF,4072758,154867,Null
TLV,FCO,2022-11-01,1,EUR,215.45,118.00,AF,4072758,154867,Null
TLV,FCO,2022-11-01,1,EUR,217.37,176.00,UX,4072758,154867,Null
TLV,FCO,2022-11-01,1,EUR,241.82,96.00,TK,4072758,154867,Null
TLV,FCO,2022-11-01,1,EUR,246.82,101.00,TK,4072758,154867,Null
TLV,FCO,2022-11-01,1,EUR,259.24,163.00,AF,4072758,154867,Null
TLV,FCO,2022-11-01,1,EUR,267.54,162.00,VS,4072758,154867,Null
TLV,FCO,2022-11-01,1,EUR,287.80,207.00,VY,4072758,154867,Null
TLV,FCO,2022-11-01,1,EUR,294.24,207.00,VY,4072758,154867,Null
TLV,FCO,2022-11-01,1,EUR,320.83,216.00,AF,4072758,154867,Null
TLV,FCO,2022-11-01,1,EUR,328.54,223.00,VS,4072758,154867,Null
TLV,FCO,2022-11-01,1,EUR,387.24,291.00,AF,4072758,154867,Null
TLV,FCO,2022-11-01,1,EUR,397.93,322.00,LY,4072758,154867,Null
TLV,FCO,2022-11-01,1,EUR,398.07,287.00,LY,4072758,154867,Null
TLV,FCO,2022-11-01,1,EUR,417.16,322.00,LY,4072758,154867,Null
TLV,FCO,2022-11-01,1,EUR,454.25,288.00,EK,4072758,154867,Null
TLV,FCO,2022-11-01,1,EUR,466.27,229.00,MS,4072758,154867,Null
TLV,FCO,2022-11-01,1,EUR,475.74,303.00,AT,4072758,154867,Null
TLV,FCO,2022-11-01,1,EUR,490.86,404.00,LX,4072758,154867,Null
TLV,FCO,2022-11-01,1,EUR,493.77,404.00,OS,4072758,154867,Null
TLV,FCO,2022-11-01,1,EUR,496.37,455.00,IB,4072758,154867,Null
TLV,FCO,2022-11-01,1,EUR,499.49,404.00,LH,4072758,154867,Null
TLV,FCO,2022-11-01,1,EUR,503.20,455.00,IB,4072758,154867,Null
TLV,FCO,2022-11-01,1,EUR,506.77,404.00,LH,4072758,154867,Null
TLV,FCO,2022-11-01,1,EUR,519.14,404.00,LH,4072758,154867,Null
TLV,FCO,2022-11-01,1,EUR,519.54,404.00,LH,4072758,154867,Null
TLV,FCO,2022-11-01,1,EUR,585.14,470.00,LH,4072758,154867,Null
TLV,FCO,2022-11-01,1,EUR,686.77,446.00,ET,4072758,154867,Null
TLV,FCO,2022-11-01,1,EUR,1300.79,1197.00,LY,4072758,154867,Null
TLV,FCO,2022-11-01,1,EUR,1313.37,1248.00,AF,4072758,154867,Null
TLV,FCO,2022-11-01,1,EUR,1693.22,1351.00,UA,4072758,154867,Null
TLV,FCO,2022-11-01,1,EUR,2383.67,2102.00,AC,4072758,154867,Null
TLV,FCO,2022-11-01,1,EUR,2399.18,1970.00,DL,4072758,154867,Null
TLV,FCO,2022-11-01,1,EUR,2472.18,2043.00,DL,4072758,154867,Null
TLV,LIS,2022-11-01,1,EUR,172.37,131.00,UX,5894145,216669,Null
TLV,LIS,2022-11-01,1,EUR,179.20,131.00,UX,5894145,216669,Null
TLV,LIS,2022-11-01,1,EUR,181.80,89.00,SN,5894145,216669,Null
TLV,LIS,2022-11-01,1,EUR,213.51,146.00,A3,5894145,216669,Null
TLV,LIS,2022-11-01,1,EUR,230.06,97.00,LO,5894145,216669,Null
TLV,LIS,2022-11-01,1,EUR,247.24,151.00,AF,5894145,216669,Null
TLV,LIS,2022-11-01,1,EUR,248.45,151.00,AF,5894145,216669,Null
TLV,LIS,2022-11-01,1,EUR,248.51,181.00,A3,5894145,216669,Null
TLV,LIS,2022-11-01,1,EUR,260.45,155.00,TP,5894145,216669,Null
TLV,LIS,2022-11-01,1,EUR,261.80,153.00,SN,5894145,216669,Null
TLV,LIS,2022-11-01,1,EUR,267.54,162.00,VS,5894145,216669,Null
TLV,LIS,2022-11-01,1,EUR,267.86,162.00,VS,5894145,216669,Null
TLV,LIS,2022-11-01,1,EUR,283.80,203.00,VY,5894145,216669,Null
TLV,LIS,2022-11-01,1,EUR,289.93,189.00,A3,5894145,216669,Null
TLV,LIS,2022-11-01,1,EUR,290.24,203.00,VY,5894145,216669,Null
TLV,LIS,2022-11-01,1,EUR,291.82,196.00,AF,5894145,216669,Null
TLV,LIS,2022-11-01,1,EUR,298.80,182.00,SN,5894145,216669,Null
TLV,LIS,2022-11-01,1,EUR,316.24,220.00,AF,5894145,216669,Null
TLV,LIS,2022-11-01,1,EUR,321.15,194.00,TP,5894145,216669,Null
TLV,LIS,2022-11-01,1,EUR,324.93,224.00,A3,5894145,216669,Null
TLV,LIS,2022-11-01,1,EUR,336.37,295.00,IB,5894145,216669,Null
TLV,LIS,2022-11-01,1,EUR,343.20,295.00,IB,5894145,216669,Null
TLV,LIS,2022-11-01,1,EUR,367.74,213.00,SN,5894145,216669,Null
TLV,LIS,2022-11-01,1,EUR,368.93,268.00,A3,5894145,216669,Null
TLV,LIS,2022-11-01,1,EUR,370.74,213.00,SN,5894145,216669,Null
TLV,LIS,2022-11-01,1,EUR,419.24,323.00,AF,5894145,216669,Null
TLV,LIS,2022-11-01,1,EUR,445.04,311.00,TP,5894145,216669,Null
TLV,LIS,2022-11-01,1,EUR,461.55,301.00,TK,5894145,216669,Null
TLV,LIS,2022-11-01,1,EUR,466.55,306.00,TK,5894145,216669,Null
TLV,LIS,2022-11-01,1,EUR,488.25,322.00,EK,5894145,216669,Null
TLV,LIS,2022-11-01,1,EUR,496.73,452.00,LY,5894145,216669,Null
TLV,LIS,2022-11-01,1,EUR,514.86,428.00,LX,5894145,216669,Null
TLV,LIS,2022-11-01,1,EUR,523.49,428.00,LH,5894145,216669,Null
TLV,LIS,2022-11-01,1,EUR,530.77,428.00,LH,5894145,216669,Null
TLV,LIS,2022-11-01,1,EUR,543.14,428.00,LH,5894145,216669,Null
TLV,LIS,2022-11-01,1,EUR,583.79,480.00,LY,5894145,216669,Null
TLV,LIS,2022-11-01,1,EUR,591.07,480.00,LY,5894145,216669,Null
TLV,LIS,2022-11-01,1,EUR,620.00,575.00,LY,5894145,216669,Null
TLV,LIS,2022-11-01,1,EUR,622.06,575.00,LY,5894145,216669,Null
TLV,LIS,2022-11-01,1,EUR,624.38,575.00,LY,5894145,216669,Null
TLV,LIS,2022-11-01,1,EUR,624.82,529.00,AF,5894145,216669,Null
TLV,LIS,2022-11-01,1,EUR,625.16,575.00,LY,5894145,216669,Null
TLV,LIS,2022-11-01,1,EUR,626.52,575.00,LY,5894145,216669,Null
TLV,LIS,2022-11-01,1,EUR,633.41,575.00,LY,5894145,216669,Null
TLV,LIS,2022-11-01,1,EUR,633.79,575.00,LY,5894145,216669,Null
TLV,LIS,2022-11-01,1,EUR,641.07,575.00,LY,5894145,216669,Null
TLV,LIS,2022-11-01,1,EUR,783.82,754.00,LY,5894145,216669,Null
TLV,LIS,2022-11-01,1,EUR,919.37,878.00,LY,5894145,216669,Null
TLV,LIS,2022-11-01,1,EUR,1078.16,983.00,LY,5894145,216669,Null
TLV,LIS,2022-11-01,1,EUR,1182.22,840.00,UA,5894145,216669,Null
TLV,LIS,2022-11-01,1,EUR,1193.37,1128.00,AF,5894145,216669,Null
TLV,LIS,2022-11-01,1,EUR,1281.45,1191.00,AF,5894145,216669,Null
TLV,LIS,2022-11-01,1,EUR,1428.77,1339.00,OS,5894145,216669,Null
TLV,LIS,2022-11-01,1,EUR,1490.79,1384.00,LY,5894145,216669,Null
TLV,OSL,2022-11-01,1,EUR,135.42,19.00,PC,5074543,194780,Null
TLV,OSL,2022-11-01,1,EUR,144.74,63.00,SN,5074543,194780,Null
TLV,OSL,2022-11-01,1,EUR,155.80,63.00,SN,5074543,194780,Null
TLV,OSL,2022-11-01,1,EUR,179.31,58.00,TP,5074543,194780,Null
TLV,OSL,2022-11-01,1,EUR,182.06,58.00,TP,5074543,194780,Null
TLV,OSL,2022-11-01,1,EUR,259.06,172.00,LO,5074543,194780,Null
TLV,OSL,2022-11-01,1,EUR,267.54,162.00,VS,5074543,194780,Null
TLV,OSL,2022-11-01,1,EUR,307.80,227.00,VY,5074543,194780,Null
TLV,OSL,2022-11-01,1,EUR,323.82,228.00,AF,5074543,194780,Null
TLV,OSL,2022-11-01,1,EUR,349.82,254.00,AF,5074543,194780,Null
TLV,OSL,2022-11-01,1,EUR,381.82,236.00,TK,5074543,194780,Null
TLV,OSL,2022-11-01,1,EUR,386.82,241.00,TK,5074543,194780,Null
TLV,OSL,2022-11-01,1,EUR,406.82,311.00,AF,5074543,194780,Null
TLV,OSL,2022-11-01,1,EUR,494.86,408.00,LX,5074543,194780,Null
TLV,OSL,2022-11-01,1,EUR,500.25,334.00,EK,5074543,194780,Null
TLV,OSL,2022-11-01,1,EUR,503.49,408.00,LH,5074543,194780,Null
TLV,OSL,2022-11-01,1,EUR,510.77,408.00,LH,5074543,194780,Null
TLV,OSL,2022-11-01,1,EUR,523.14,408.00,LH,5074543,194780,Null
TLV,OSL,2022-11-01,1,EUR,523.54,408.00,LH,5074543,194780,Null
TLV,OSL,2022-11-01,1,EUR,582.07,480.00,LY,5074543,194780,Null
TLV,OSL,2022-11-01,1,EUR,583.79,480.00,LY,5074543,194780,Null
TLV,OSL,2022-11-01,1,EUR,591.07,480.00,LY,5074543,194780,Null
TLV,OSL,2022-11-01,1,EUR,686.77,446.00,ET,5074543,194780,Null
TLV,OSL,2022-11-01,1,EUR,848.06,786.00,LY,5074543,194780,Null
TLV,OSL,2022-11-01,1,EUR,998.52,894.00,SK,5074543,194780,Null
TLV,OSL,2022-11-01,1,EUR,1053.87,945.00,SK,5074543,194780,Null
TLV,OSL,2022-11-01,1,EUR,1117.37,1052.00,AF,5074543,194780,Null
TLV,OSL,2022-11-01,1,EUR,1119.38,1015.00,SK,5074543,194780,Null
TLV,OSL,2022-11-01,1,EUR,1233.79,1127.00,LY,5074543,194780,Null
TLV,OSL,2022-11-01,1,EUR,1302.16,1202.00,LY,5074543,194780,Null
TLV,OSL,2022-11-01,1,EUR,1329.79,1223.00,LY,5074543,194780,Null
TLV,OSL,2022-11-01,1,EUR,1388.74,1222.00,SN,5074543,194780,Null
TLV,OSL,2022-11-01,1,EUR,2672.86,2543.00,SK,5074543,194780,Null
TLV,OSL,2022-11-01,1,EUR,2794.14,2657.00,SK,5074543,194780,Null
TLV,OSL,2022-11-01,1,EUR,3437.22,3207.00,SK,5074543,194780,Null
TLV,OSL,2022-11-01,1,EUR,4867.52,4676.00,SK,5074543,194780,Null
TLV,AER,2022-11-01,1,EUR,377.61,198.00,TK,2035148,102850,102000
TLV,AER,2022-11-01,1,EUR,382.61,203.00,TK,2035148,102850,Null
TLV,AER,2022-11-01,1,EUR,406.98,359.00,LY,2035148,102850,Null
TLV,AER,2022-11-01,1,EUR,418.98,359.00,LY,2035148,102850,Null
TLV,AER,2022-11-01,1,EUR,447.98,388.00,LY,2035148,102850,Null
TLV,AER,2022-11-01,1,EUR,552.48,372.00,EK,2035148,102850,Null
TLV,AER,2022-11-01,1,EUR,553.04,372.00,EK,2035148,102850,102000
TLV,AER,2022-11-01,1,EUR,560.09,444.00,LY,2035148,102850,102000
TLV,AER,2022-11-01,1,EUR,3080.59,2885.00,LH,2035148,102850,Null
TLV,VIE,2022-11-01,1,EUR,110.75,77.00,LY,3365508,130066,132717
TLV,VIE,2022-11-01,1,EUR,150.42,34.00,PC,3365508,130066,132717
TLV,VIE,2022-11-01,1,EUR,163.74,82.00,SN,3365508,130066,132717
TLV,VIE,2022-11-01,1,EUR,185.74,96.00,SN,3365508,130066,132717
TLV,VIE,2022-11-01,1,EUR,194.51,127.00,A3,3365508,130066,132717
TLV,VIE,2022-11-01,1,EUR,196.80,96.00,SN,3365508,130066,132717
TLV,VIE,2022-11-01,1,EUR,201.24,105.00,AF,3365508,130066,132717
TLV,VIE,2022-11-01,1,EUR,221.51,154.00,A3,3365508,130066,132717
TLV,VIE,2022-11-01,1,EUR,241.82,96.00,TK,3365508,130066,132717
TLV,VIE,2022-11-01,1,EUR,246.82,101.00,TK,3365508,130066,132717
TLV,VIE,2022-11-01,1,EUR,247.06,160.00,LO,3365508,130066,132717
TLV,VIE,2022-11-01,1,EUR,272.24,176.00,AF,3365508,130066,132717
TLV,VIE,2022-11-01,1,EUR,280.60,189.00,LO,3365508,130066,132717
TLV,VIE,2022-11-01,1,EUR,282.80,202.00,VY,3365508,130066,132717
TLV,VIE,2022-11-01,1,EUR,287.06,189.00,LO,3365508,130066,132717
TLV,VIE,2022-11-01,1,EUR,315.80,191.00,SN,3365508,130066,132717
TLV,VIE,2022-11-01,1,EUR,394.45,324.00,OS,3365508,130066,132717
TLV,VIE,2022-11-01,1,EUR,410.86,324.00,LX,3365508,130066,132717
TLV,VIE,2022-11-01,1,EUR,419.49,324.00,LH,3365508,130066,132717
TLV,VIE,2022-11-01,1,EUR,426.77,324.00,LH,3365508,130066,132717
TLV,VIE,2022-11-01,1,EUR,439.14,324.00,LH,3365508,130066,132717
TLV,VIE,2022-11-01,1,EUR,455.25,289.00,EK,3365508,130066,132717
TLV,VIE,2022-11-01,1,EUR,455.37,414.00,IB,3365508,130066,132717
TLV,VIE,2022-11-01,1,EUR,462.20,414.00,IB,3365508,130066,132717
TLV,VIE,2022-11-01,1,EUR,538.77,436.00,LH,3365508,130066,132717
TLV,VIE,2022-11-01,1,EUR,542.06,480.00,LY,3365508,130066,132717
TLV,VIE,2022-11-01,1,EUR,558.75,480.00,LY,3365508,130066,132717
TLV,VIE,2022-11-01,1,EUR,566.18,480.00,LY,3365508,130066,132717
TLV,VIE,2022-11-01,1,EUR,572.06,480.00,LY,3365508,130066,132717
TLV,VIE,2022-11-01,1,EUR,583.79,480.00,LY,3365508,130066,132717
TLV,VIE,2022-11-01,1,EUR,591.07,480.00,LY,3365508,130066,132717
TLV,VIE,2022-11-01,1,EUR,623.16,528.00,LY,3365508,130066,132717
TLV,VIE,2022-11-01,1,EUR,1348.77,1108.00,ET,3365508,130066,132717
TLV,VIE,2022-11-01,1,EUR,1469.79,1363.00,LY,3365508,130066,132717
TLV,VIE,2022-11-01,1,EUR,1639.79,1536.00,LY,3365508,130066,132717
TLV,VIE,2022-11-01,1,EUR,3336.08,3142.00,AF,3365508,130066,132717
TLV,ZRH,2022-11-01,1,EUR,130.42,14.00,PC,4007196,153912,Null
TLV,ZRH,2022-11-01,1,EUR,177.31,56.00,TP,4007196,153912,Null
TLV,ZRH,2022-11-01,1,EUR,178.37,137.00,UX,4007196,153912,Null
TLV,ZRH,2022-11-01,1,EUR,178.75,145.00,LY,4007196,153912,Null
TLV,ZRH,2022-11-01,1,EUR,180.06,56.00,TP,4007196,153912,Null
TLV,ZRH,2022-11-01,1,EUR,185.20,137.00,UX,4007196,153912,Null
TLV,ZRH,2022-11-01,1,EUR,200.51,133.00,A3,4007196,153912,Null
TLV,ZRH,2022-11-01,1,EUR,215.61,103.00,AZ,4007196,153912,Null
TLV,ZRH,2022-11-01,1,EUR,253.24,157.00,AF,4007196,153912,Null
TLV,ZRH,2022-11-01,1,EUR,264.82,119.00,TK,4007196,153912,Null
TLV,ZRH,2022-11-01,1,EUR,269.82,124.00,TK,4007196,153912,Null
TLV,ZRH,2022-11-01,1,EUR,274.06,197.00,LO,4007196,153912,Null
TLV,ZRH,2022-11-01,1,EUR,296.80,216.00,VY,4007196,153912,Null
TLV,ZRH,2022-11-01,1,EUR,329.06,231.00,LO,4007196,153912,Null
TLV,ZRH,2022-11-01,1,EUR,367.24,271.00,AF,4007196,153912,Null
TLV,ZRH,2022-11-01,1,EUR,426.37,385.00,IB,4007196,153912,Null
TLV,ZRH,2022-11-01,1,EUR,433.20,385.00,IB,4007196,153912,Null
TLV,ZRH,2022-11-01,1,EUR,488.25,322.00,EK,4007196,153912,Null
TLV,ZRH,2022-11-01,1,EUR,532.06,480.00,LY,4007196,153912,Null
TLV,ZRH,2022-11-01,1,EUR,547.45,477.00,LX,4007196,153912,Null
TLV,ZRH,2022-11-01,1,EUR,566.77,477.00,OS,4007196,153912,Null
TLV,ZRH,2022-11-01,1,EUR,572.49,477.00,LH,4007196,153912,Null
TLV,ZRH,2022-11-01,1,EUR,578.07,480.00,LY,4007196,153912,Null
TLV,ZRH,2022-11-01,1,EUR,579.77,477.00,LH,4007196,153912,Null
TLV,ZRH,2022-11-01,1,EUR,583.79,480.00,LY,4007196,153912,Null
TLV,ZRH,2022-11-01,1,EUR,591.07,480.00,LY,4007196,153912,Null
TLV,ZRH,2022-11-01,1,EUR,1037.37,972.00,AF,4007196,153912,Null
TLV,ZRH,2022-11-01,1,EUR,1110.79,1004.00,LY,4007196,153912,Null
TLV,ZRH,2022-11-01,1,EUR,1206.79,1100.00,LY,4007196,153912,Null
TLV,ZRH,2022-11-01,1,EUR,1487.52,1388.00,LY,4007196,153912,Null
TLV,ZRH,2022-11-01,1,EUR,1663.51,1561.00,A3,4007196,153912,Null
TLV,ZRH,2022-11-01,1,EUR,1823.74,1678.00,SN,4007196,153912,Null
TLV,ZRH,2022-11-01,1,EUR,2443.67,2162.00,AC,4007196,153912,Null
TLV,ZRH,2022-11-01,1,EUR,4570.52,4267.00,UA,4007196,153912,Null
TLV,LPA,2022-11-01,1,EUR,281.37,240.00,UX,7160239,327418,Null
TLV,LPA,2022-11-01,1,EUR,307.80,227.00,VY,7160239,327418,Null
TLV,LPA,2022-11-01,1,EUR,314.24,227.00,VY,7160239,327418,Null
TLV,LPA,2022-11-01,1,EUR,318.62,204.00,AF,7160239,327418,Null
TLV,LPA,2022-11-01,1,EUR,319.83,204.00,AF,7160239,327418,Null
TLV,LPA,2022-11-01,1,EUR,349.93,307.00,UX,7160239,327418,Null
TLV,LPA,2022-11-01,1,EUR,356.76,307.00,UX,7160239,327418,Null
TLV,LPA,2022-11-01,1,EUR,357.54,307.00,UX,7160239,327418,Null
TLV,LPA,2022-11-01,1,EUR,374.20,326.00,UX,7160239,327418,Null
TLV,LPA,2022-11-01,1,EUR,380.79,273.00,AF,7160239,327418,Null
TLV,LPA,2022-11-01,1,EUR,386.54,336.00,UX,7160239,327418,Null
TLV,LPA,2022-11-01,1,EUR,387.62,273.00,AF,7160239,327418,Null
TLV,LPA,2022-11-01,1,EUR,406.20,358.00,IB,7160239,327418,Null
TLV,LPA,2022-11-01,1,EUR,453.13,401.00,IB,7160239,327418,Null
TLV,LPA,2022-11-01,1,EUR,464.49,214.00,SN,7160239,327418,Null
TLV,LPA,2022-11-01,1,EUR,530.77,428.00,LH,7160239,327418,Null
TLV,LPA,2022-11-01,1,EUR,543.14,428.00,LH,7160239,327418,Null
TLV,LPA,2022-11-01,1,EUR,567.37,526.00,IB,7160239,327418,Null
TLV,LPA,2022-11-01,1,EUR,599.37,492.00,AF,7160239,327418,Null
TLV,LPA,2022-11-01,1,EUR,606.20,492.00,AF,7160239,327418,Null
TLV,LPA,2022-11-01,1,EUR,649.38,543.00,AF,7160239,327418,Null
TLV,LPA,2022-11-01,1,EUR,671.86,585.00,LX,7160239,327418,Null
TLV,LPA,2022-11-01,1,EUR,750.86,664.00,LX,7160239,327418,Null
TLV,LPA,2022-11-01,1,EUR,844.37,803.00,LY,7160239,327418,Null
TLV,LPA,2022-11-01,1,EUR,945.45,852.00,IB,7160239,327418,Null
TLV,CPH,2022-11-01,1,EUR,135.42,19.00,PC,4515383,173554,Null
TLV,CPH,2022-11-01,1,EUR,161.74,80.00,SN,4515383,173554,Null
TLV,CPH,2022-11-01,1,EUR,172.80,80.00,SN,4515383,173554,Null
TLV,CPH,2022-11-01,1,EUR,179.31,58.00,TP,4515383,173554,Null
TLV,CPH,2022-11-01,1,EUR,182.06,58.00,TP,4515383,173554,Null
TLV,CPH,2022-11-01,1,EUR,228.45,131.00,AF,4515383,173554,Null
TLV,CPH,2022-11-01,1,EUR,230.82,85.00,TK,4515383,173554,Null
TLV,CPH,2022-11-01,1,EUR,235.82,90.00,TK,4515383,173554,Null
TLV,CPH,2022-11-01,1,EUR,255.06,168.00,LO,4515383,173554,Null
TLV,CPH,2022-11-01,1,EUR,261.80,145.00,SN,4515383,173554,Null
TLV,CPH,2022-11-01,1,EUR,267.54,162.00,VS,4515383,173554,Null
TLV,CPH,2022-11-01,1,EUR,304.80,224.00,VY,4515383,173554,Null
TLV,CPH,2022-11-01,1,EUR,329.82,234.00,AF,4515383,173554,Null
TLV,CPH,2022-11-01,1,EUR,343.37,302.00,IB,4515383,173554,Null
TLV,CPH,2022-11-01,1,EUR,362.82,267.00,AF,4515383,173554,Null
TLV,CPH,2022-11-01,1,EUR,400.24,304.00,AF,4515383,173554,Null
TLV,CPH,2022-11-01,1,EUR,400.82,305.00,AF,4515383,173554,Null
TLV,CPH,2022-11-01,1,EUR,493.25,327.00,EK,4515383,173554,Null
TLV,CPH,2022-11-01,1,EUR,494.86,408.00,LX,4515383,173554,Null
TLV,CPH,2022-11-01,1,EUR,497.77,408.00,OS,4515383,173554,Null
TLV,CPH,2022-11-01,1,EUR,503.49,408.00,LH,4515383,173554,Null
TLV,CPH,2022-11-01,1,EUR,510.77,408.00,LH,4515383,173554,Null
TLV,CPH,2022-11-01,1,EUR,523.54,408.00,LH,4515383,173554,Null
TLV,CPH,2022-11-01,1,EUR,542.06,480.00,LY,4515383,173554,Null
TLV,CPH,2022-11-01,1,EUR,578.07,480.00,LY,4515383,173554,Null
TLV,CPH,2022-11-01,1,EUR,582.07,480.00,LY,4515383,173554,Null
TLV,CPH,2022-11-01,1,EUR,583.79,480.00,LY,4515383,173554,Null
TLV,CPH,2022-11-01,1,EUR,591.07,480.00,LY,4515383,173554,Null
TLV,CPH,2022-11-01,1,EUR,623.16,528.00,LY,4515383,173554,Null
TLV,CPH,2022-11-01,1,EUR,698.51,631.00,A3,4515383,173554,Null
TLV,CPH,2022-11-01,1,EUR,963.37,898.00,AF,4515383,173554,Null
TLV,CPH,2022-11-01,1,EUR,1240.41,1127.00,SK,4515383,173554,Null
TLV,CPH,2022-11-01,1,EUR,1244.52,1140.00,SK,4515383,173554,Null
TLV,CPH,2022-11-01,1,EUR,1281.38,1177.00,SK,4515383,173554,Null
TLV,CPH,2022-11-01,1,EUR,1379.86,1238.00,LX,4515383,173554,Null
TLV,CPH,2022-11-01,1,EUR,1404.74,1238.00,SN,4515383,173554,Null
TLV,CPH,2022-11-01,1,EUR,1434.79,1328.00,LY,4515383,173554,Null
TLV,CPH,2022-11-01,1,EUR,1657.07,1546.00,LY,4515383,173554,Null
TLV,CPH,2022-11-01,1,EUR,1658.79,1555.00,LY,4515383,173554,Null
TLV,CPH,2022-11-01,1,EUR,2464.67,2183.00,AC,4515383,173554,Null
TLV,MXP,2022-11-01,1,EUR,166.74,85.00,SN,3815458,145715,148942
TLV,MXP,2022-11-01,1,EUR,167.75,134.00,LY,3815458,145715,Null
TLV,MXP,2022-11-01,1,EUR,177.80,85.00,SN,3815458,145715,Null
TLV,MXP,2022-11-01,1,EUR,178.31,57.00,TP,3815458,145715,Null
TLV,MXP,2022-11-01,1,EUR,181.06,57.00,TP,3815458,145715,148942
TLV,MXP,2022-11-01,1,EUR,187.51,120.00,A3,3815458,145715,Null
TLV,MXP,2022-11-01,1,EUR,206.20,158.00,UX,3815458,145715,Null
TLV,MXP,2022-11-01,1,EUR,208.24,112.00,AF,3815458,145715,Null
TLV,MXP,2022-11-01,1,EUR,209.45,112.00,AF,3815458,145715,148942
TLV,MXP,2022-11-01,1,EUR,241.37,200.00,UX,3815458,145715,Null
TLV,MXP,2022-11-01,1,EUR,247.82,102.00,TK,3815458,145715,Null
TLV,MXP,2022-11-01,1,EUR,251.82,106.00,TK,3815458,145715,148942
TLV,MXP,2022-11-01,1,EUR,278.24,182.00,AF,3815458,145715,148942
TLV,MXP,2022-11-01,1,EUR,282.80,202.00,VY,3815458,145715,Null
TLV,MXP,2022-11-01,1,EUR,284.06,197.00,LO,3815458,145715,Null
TLV,MXP,2022-11-01,1,EUR,424.74,252.00,AT,3815458,145715,148942
TLV,MXP,2022-11-01,1,EUR,425.37,384.00,IB,3815458,145715,148942
TLV,MXP,2022-11-01,1,EUR,464.25,298.00,EK,3815458,145715,Null
TLV,MXP,2022-11-01,1,EUR,466.27,229.00,MS,3815458,145715,148942
TLV,MXP,2022-11-01,1,EUR,490.86,404.00,LX,3815458,145715,Null
TLV,MXP,2022-11-01,1,EUR,493.77,404.00,OS,3815458,145715,Null
TLV,MXP,2022-11-01,1,EUR,499.49,404.00,LH,3815458,145715,Null
TLV,MXP,2022-11-01,1,EUR,559.77,470.00,OS,3815458,145715,Null
TLV,MXP,2022-11-01,1,EUR,613.77,373.00,ET,3815458,145715,Null
TLV,MXP,2022-11-01,1,EUR,620.07,522.00,LY,3815458,145715,Null
TLV,MXP,2022-11-01,1,EUR,817.06,755.00,LY,3815458,145715,Null
TLV,MXP,2022-11-01,1,EUR,1035.22,693.00,UA,3815458,145715,Null
TLV,MXP,2022-11-01,1,EUR,1182.37,1117.00,AF,3815458,145715,148942
TLV,MXP,2022-11-01,1,EUR,1229.79,1126.00,LY,3815458,145715,Null
TLV,MXP,2022-11-01,1,EUR,1280.07,1169.00,LY,3815458,145715,Null
TLV,MXP,2022-11-01,1,EUR,1336.79,1230.00,LY,3815458,145715,Null
TLV,MXP,2022-11-01,1,EUR,1432.79,1326.00,LY,3815458,145715,Null
TLV,MXP,2022-11-01,1,EUR,1823.18,1394.00,DL,3815458,145715,Null
TLV,MXP,2022-11-01,1,EUR,8928.13,8485.00,CX,3815458,145715,Null
TLV,KBP,2022-11-01,1,EUR,155.68,138.00,LY,3346576,147993,Null
TLV,KBP,2022-11-01,1,EUR,215.06,128.00,LO,3346576,147993,Null
TLV,KBP,2022-11-01,1,EUR,239.82,94.00,TK,3346576,147993,Null
TLV,KBP,2022-11-01,1,EUR,244.82,99.00,TK,3346576,147993,Null
TLV,KBP,2022-11-01,1,EUR,262.82,117.00,TK,3346576,147993,Null
TLV,KBP,2022-11-01,1,EUR,281.82,120.00,TK,3346576,147993,Null
TLV,KBP,2022-11-01,1,EUR,398.86,312.00,LX,3346576,147993,Null
TLV,KBP,2022-11-01,1,EUR,408.33,312.00,LH,3346576,147993,Null
TLV,KBP,2022-11-01,1,EUR,431.94,312.00,LH,3346576,147993,Null
TLV,KBP,2022-11-01,1,EUR,454.77,365.00,OS,3346576,147993,Null
TLV,KBP,2022-11-01,1,EUR,484.94,365.00,LH,3346576,147993,Null
TLV,KBP,2022-11-01,1,EUR,513.77,424.00,OS,3346576,147993,Null
TLV,KBP,2022-11-01,1,EUR,584.06,522.00,LY,3346576,147993,Null
TLV,KBP,2022-11-01,1,EUR,1399.63,1295.00,LY,3346576,147993,Null
TLV,ESB,2022-11-01,1,EUR,135.53,52.00,PC,1418723,59786,58763
TLV,ESB,2022-11-01,1,EUR,151.60,52.00,PC,1418723,59786,58763
TLV,ESB,2022-11-01,1,EUR,170.92,52.00,PC,1418723,59786,58763
TLV,ESB,2022-11-01,1,EUR,186.99,52.00,PC,1418723,59786,58763
TLV,ESB,2022-11-01,1,EUR,236.17,114.00,TK,1418723,59786,58763
TLV,ESB,2022-11-01,1,EUR,321.17,199.00,TK,1418723,59786,58763
TLV,ESB,2022-11-01,1,EUR,326.17,204.00,TK,1418723,59786,58763
TLV,ESB,2022-11-01,1,EUR,358.55,199.00,TK,1418723,59786,58763
TLV,ESB,2022-11-01,1,EUR,486.55,329.00,TK,1418723,59786,58763
TLV,ESB,2022-11-01,1,EUR,496.55,339.00,TK,1418723,59786,58763
TLV,ESB,2022-11-01,1,EUR,574.39,458.00,LH,1418723,59786,58763
TLV,ESB,2022-11-01,1,EUR,593.82,438.00,FZ,1418723,59786,58763
TLV,TFN,2022-11-01,1,EUR,253.37,212.00,UX,7171980,343365,Null
TLV,TFN,2022-11-01,1,EUR,260.20,212.00,UX,7171980,343365,Null
TLV,TFN,2022-11-01,1,EUR,313.80,233.00,VY,7171980,343365,Null
TLV,TFN,2022-11-01,1,EUR,320.24,233.00,VY,7171980,343365,Null
TLV,TFN,2022-11-01,1,EUR,334.20,286.00,UX,7171980,343365,Null
TLV,TFN,2022-11-01,1,EUR,355.20,307.00,IB,7171980,343365,Null
TLV,TFN,2022-11-01,1,EUR,483.79,376.00,AF,7171980,343365,Null
TLV,TFN,2022-11-01,1,EUR,485.00,376.00,AF,7171980,343365,Null
TLV,TFN,2022-11-01,1,EUR,490.62,376.00,AF,7171980,343365,Null
TLV,TFN,2022-11-01,1,EUR,545.10,373.00,TK,7171980,343365,Null
TLV,TFN,2022-11-01,1,EUR,551.93,373.00,TK,7171980,343365,Null
TLV,TFN,2022-11-01,1,EUR,556.37,515.00,IB,7171980,343365,Null
TLV,TFN,2022-11-01,1,EUR,563.10,373.00,TK,7171980,343365,Null
TLV,TFN,2022-11-01,1,EUR,599.37,492.00,AF,7171980,343365,Null
TLV,TFN,2022-11-01,1,EUR,606.20,492.00,AF,7171980,343365,Null
TLV,TFN,2022-11-01,1,EUR,606.30,561.00,IB,7171980,343365,Null
TLV,TFN,2022-11-01,1,EUR,649.38,543.00,AF,7171980,343365,Null
TLV,TFN,2022-11-01,1,EUR,656.21,543.00,AF,7171980,343365,Null
TLV,TFN,2022-11-01,1,EUR,931.37,890.00,LY,7171980,343365,Null
TLV,TFN,2022-11-01,1,EUR,944.45,851.00,IB,7171980,343365,Null
TLV,TFN,2022-11-01,1,EUR,1106.88,867.00,TK,7171980,343365,Null
TLV,TFN,2022-11-01,1,EUR,1112.38,1055.00,IB,7171980,343365,Null
TLV,SIP,2022-11-01,1,EUR,340.72,276.00,LY,2517460,128691,128062
TLV,SIP,2022-11-01,1,EUR,540.58,423.00,LY,2517460,128691,128062
TLV,SIP,2022-11-01,1,EUR,557.22,372.00,EK,2517460,128691,128062
TLV,SIP,2022-11-01,1,EUR,557.78,372.00,EK,2517460,128691,128062
TLV,SIP,2022-11-01,1,EUR,1188.78,1003.00,EK,2517460,128691,128062
TLV,SIP,2022-11-01,1,EUR,3099.74,2966.00,LH,2517460,128691,128062
TLV,SIP,2022-11-01,1,EUR,3787.83,3670.00,LX,2517460,128691,128062
TLV,LYS,2022-11-01,1,EUR,150.42,34.00,PC,4195962,159694,Null
TLV,LYS,2022-11-01,1,EUR,178.31,57.00,TP,4195962,159694,Null
TLV,LYS,2022-11-01,1,EUR,181.06,57.00,TP,4195962,159694,Null
TLV,LYS,2022-11-01,1,EUR,183.80,91.00,SN,4195962,159694,Null
TLV,LYS,2022-11-01,1,EUR,209.74,112.00,SN,4195962,159694,Null
TLV,LYS,2022-11-01,1,EUR,220.80,112.00,SN,4195962,159694,Null
TLV,LYS,2022-11-01,1,EUR,240.24,144.00,AF,4195962,159694,Null
TLV,LYS,2022-11-01,1,EUR,281.80,201.00,VY,4195962,159694,Null
TLV,LYS,2022-11-01,1,EUR,311.24,215.00,AF,4195962,159694,Null
TLV,LYS,2022-11-01,1,EUR,342.82,247.00,AF,4195962,159694,Null
TLV,LYS,2022-11-01,1,EUR,374.82,279.00,AF,4195962,159694,Null
TLV,LYS,2022-11-01,1,EUR,413.82,318.00,AF,4195962,159694,Null
TLV,LYS,2022-11-01,1,EUR,426.76,278.00,TK,4195962,159694,Null
TLV,LYS,2022-11-01,1,EUR,431.76,283.00,TK,4195962,159694,Null
TLV,LYS,2022-11-01,1,EUR,464.74,292.00,AT,4195962,159694,Null
TLV,LYS,2022-11-01,1,EUR,487.25,321.00,EK,4195962,159694,Null
TLV,LYS,2022-11-01,1,EUR,504.13,452.00,IB,4195962,159694,Null
TLV,LYS,2022-11-01,1,EUR,519.37,478.00,IB,4195962,159694,Null
TLV,LYS,2022-11-01,1,EUR,523.77,434.00,OS,4195962,159694,Null
TLV,LYS,2022-11-01,1,EUR,529.49,434.00,LH,4195962,159694,Null
TLV,LYS,2022-11-01,1,EUR,555.46,434.00,LH,4195962,159694,Null
TLV,LYS,2022-11-01,1,EUR,578.07,480.00,LY,4195962,159694,Null
TLV,LYS,2022-11-01,1,EUR,583.79,480.00,LY,4195962,159694,Null
TLV,LYS,2022-11-01,1,EUR,591.07,480.00,LY,4195962,159694,Null
TLV,LYS,2022-11-01,1,EUR,595.77,506.00,OS,4195962,159694,Null
TLV,LYS,2022-11-01,1,EUR,603.44,480.00,LY,4195962,159694,Null
TLV,LYS,2022-11-01,1,EUR,609.76,480.00,LY,4195962,159694,Null
TLV,LYS,2022-11-01,1,EUR,1117.37,1052.00,AF,4195962,159694,Null
TLV,LYS,2022-11-01,1,EUR,1465.79,1362.00,LY,4195962,159694,Null
TLV,ADB,2022-11-01,1,EUR,151.60,52.00,PC,1805591,80946,80852
TLV,ADB,2022-11-01,1,EUR,153.60,52.00,PC,1805591,80946,80852
TLV,ADB,2022-11-01,1,EUR,170.92,52.00,PC,1805591,80946,80852
TLV,ADB,2022-11-01,1,EUR,186.37,52.00,PC,1805591,80946,80852
TLV,ADB,2022-11-01,1,EUR,186.99,52.00,PC,1805591,80946,80852
TLV,ADB,2022-11-01,1,EUR,196.55,62.00,PC,1805591,80946,80852
TLV,ADB,2022-11-01,1,EUR,246.17,124.00,TK,1805591,80946,80852
TLV,ADB,2022-11-01,1,EUR,321.17,199.00,TK,1805591,80946,80852
TLV,ADB,2022-11-01,1,EUR,323.17,199.00,TK,1805591,80946,Null
TLV,ADB,2022-11-01,1,EUR,326.17,204.00,TK,1805591,80946,80852
TLV,ADB,2022-11-01,1,EUR,486.55,329.00,TK,1805591,80946,80852
TLV,BGO,2022-11-01,1,EUR,367.82,272.00,AF,5398795,217463,Null
TLV,BGO,2022-11-01,1,EUR,406.07,292.00,AF,5398795,217463,Null
TLV,BGO,2022-11-01,1,EUR,406.87,292.00,AF,5398795,217463,Null
TLV,BGO,2022-11-01,1,EUR,450.07,336.00,AF,5398795,217463,Null
TLV,BGO,2022-11-01,1,EUR,454.77,352.00,LH,5398795,217463,Null
TLV,BGO,2022-11-01,1,EUR,467.54,352.00,LH,5398795,217463,Null
TLV,BGO,2022-11-01,1,EUR,469.86,352.00,LH,5398795,217463,Null
TLV,BGO,2022-11-01,1,EUR,473.46,352.00,LH,5398795,217463,Null
TLV,BGO,2022-11-01,1,EUR,474.86,362.00,AF,5398795,217463,Null
TLV,BGO,2022-11-01,1,EUR,475.66,362.00,AF,5398795,217463,Null
TLV,BGO,2022-11-01,1,EUR,476.87,362.00,AF,5398795,217463,Null
TLV,BGO,2022-11-01,1,EUR,482.82,352.00,LH,5398795,217463,Null
TLV,BGO,2022-11-01,1,EUR,483.53,352.00,LH,5398795,217463,Null
TLV,BGO,2022-11-01,1,EUR,495.54,352.00,LH,5398795,217463,Null
TLV,BGO,2022-11-01,1,EUR,497.81,352.00,OS,5398795,217463,Null
TLV,BGO,2022-11-01,1,EUR,502.82,352.00,LH,5398795,217463,Null
TLV,BGO,2022-11-01,1,EUR,503.53,352.00,LH,5398795,217463,Null
TLV,BGO,2022-11-01,1,EUR,505.86,334.00,TK,5398795,217463,Null
TLV,BGO,2022-11-01,1,EUR,510.81,352.00,LH,5398795,217463,Null
TLV,BGO,2022-11-01,1,EUR,515.19,352.00,LH,5398795,217463,Null
TLV,BGO,2022-11-01,1,EUR,576.86,464.00,AF,5398795,217463,Null
TLV,BGO,2022-11-01,1,EUR,578.07,464.00,AF,5398795,217463,Null
TLV,BGO,2022-11-01,1,EUR,578.87,464.00,AF,5398795,217463,Null
TLV,BGO,2022-11-01,1,EUR,693.07,579.00,AF,5398795,217463,Null
TLV,BGO,2022-11-01,1,EUR,693.87,579.00,AF,5398795,217463,Null
TLV,BGO,2022-11-01,1,EUR,1278.83,1129.00,SK,5398795,217463,Null
TLV,BGO,2022-11-01,1,EUR,1290.85,1193.00,AF,5398795,217463,Null
TLV,BGO,2022-11-01,1,EUR,1296.16,1159.00,VS,5398795,217463,Null
TLV,BGO,2022-11-01,1,EUR,1320.37,1255.00,AF,5398795,217463,Null
TLV,BGO,2022-11-01,1,EUR,1391.11,1234.00,SK,5398795,217463,Null
TLV,BGO,2022-11-01,1,EUR,1393.48,1193.00,LX,5398795,217463,Null
TLV,BGO,2022-11-01,1,EUR,1572.07,1461.00,LY,5398795,217463,Null
TLV,BGO,2022-11-01,1,EUR,1782.54,1408.00,UA,5398795,217463,Null
TLV,BGO,2022-11-01,1,EUR,1791.19,1659.00,6X,5398795,217463,Null
TLV,BGO,2022-11-01,1,EUR,1819.11,1651.00,LH,5398795,217463,Null
TLV,BGO,2022-11-01,1,EUR,1860.11,1651.00,LH,5398795,217463,Null
TLV,BGO,2022-11-01,1,EUR,1861.78,1780.00,AF,5398795,217463,Null
TLV,BGO,2022-11-01,1,EUR,4898.84,4563.00,UA,5398795,217463,Null
TLV,BGO,2022-11-01,1,EUR,12190.34,11797.00,UA,5398795,217463,Null
TLV,GVA,2022-11-01,1,EUR,150.42,34.00,PC,4108527,157312,Null
TLV,GVA,2022-11-01,1,EUR,152.61,40.00,AZ,4108527,157312,Null
TLV,GVA,2022-11-01,1,EUR,172.74,91.00,SN,4108527,157312,Null
TLV,GVA,2022-11-01,1,EUR,177.31,56.00,TP,4108527,157312,Null
TLV,GVA,2022-11-01,1,EUR,180.06,56.00,TP,4108527,157312,Null
TLV,GVA,2022-11-01,1,EUR,183.80,91.00,SN,4108527,157312,Null
TLV,GVA,2022-11-01,1,EUR,216.61,104.00,AZ,4108527,157312,Null
TLV,GVA,2022-11-01,1,EUR,230.51,163.00,A3,4108527,157312,Null
TLV,GVA,2022-11-01,1,EUR,255.82,110.00,TK,4108527,157312,Null
TLV,GVA,2022-11-01,1,EUR,259.82,164.00,AF,4108527,157312,Null
TLV,GVA,2022-11-01,1,EUR,260.82,115.00,TK,4108527,157312,Null
TLV,GVA,2022-11-01,1,EUR,274.06,197.00,LO,4108527,157312,Null
TLV,GVA,2022-11-01,1,EUR,276.80,196.00,VY,4108527,157312,Null
TLV,GVA,2022-11-01,1,EUR,285.24,189.00,AF,4108527,157312,Null
TLV,GVA,2022-11-01,1,EUR,294.80,178.00,SN,4108527,157312,Null
TLV,GVA,2022-11-01,1,EUR,316.82,221.00,AF,4108527,157312,Null
TLV,GVA,2022-11-01,1,EUR,349.82,254.00,AF,4108527,157312,Null
TLV,GVA,2022-11-01,1,EUR,387.24,291.00,AF,4108527,157312,Null
TLV,GVA,2022-11-01,1,EUR,405.66,292.00,AF,4108527,157312,Null
TLV,GVA,2022-11-01,1,EUR,426.37,385.00,IB,4108527,157312,Null
TLV,GVA,2022-11-01,1,EUR,433.20,385.00,IB,4108527,157312,Null
TLV,GVA,2022-11-01,1,EUR,438.24,342.00,AF,4108527,157312,Null
TLV,GVA,2022-11-01,1,EUR,455.86,343.00,AF,4108527,157312,Null
TLV,GVA,2022-11-01,1,EUR,468.74,296.00,AT,4108527,157312,Null
TLV,GVA,2022-11-01,1,EUR,491.25,325.00,EK,4108527,157312,Null
TLV,GVA,2022-11-01,1,EUR,502.24,406.00,AF,4108527,157312,Null
TLV,GVA,2022-11-01,1,EUR,519.86,407.00,AF,4108527,157312,Null
TLV,GVA,2022-11-01,1,EUR,563.86,477.00,LX,4108527,157312,Null
TLV,GVA,2022-11-01,1,EUR,566.77,477.00,OS,4108527,157312,Null
TLV,GVA,2022-11-01,1,EUR,572.49,477.00,LH,4108527,157312,Null
TLV,GVA,2022-11-01,1,EUR,578.07,480.00,LY,4108527,157312,Null
TLV,GVA,2022-11-01,1,EUR,579.77,477.00,LH,4108527,157312,Null
TLV,GVA,2022-11-01,1,EUR,583.76,480.00,LY,4108527,157312,Null
TLV,GVA,2022-11-01,1,EUR,583.79,480.00,LY,4108527,157312,Null
TLV,GVA,2022-11-01,1,EUR,623.16,528.00,LY,4108527,157312,Null
TLV,GVA,2022-11-01,1,EUR,643.77,373.00,ET,4108527,157312,Null
TLV,GVA,2022-11-01,1,EUR,651.77,549.00,LH,4108527,157312,Null
TLV,GVA,2022-11-01,1,EUR,664.54,549.00,LH,4108527,157312,Null
TLV,GVA,2022-11-01,1,EUR,714.06,662.00,LY,4108527,157312,Null
TLV,GVA,2022-11-01,1,EUR,970.37,905.00,AF,4108527,157312,Null
TLV,GVA,2022-11-01,1,EUR,1135.79,1029.00,LY,4108527,157312,Null
TLV,GVA,2022-11-01,1,EUR,1231.79,1125.00,LY,4108527,157312,Null
TLV,GVA,2022-11-01,1,EUR,1340.51,1238.00,A3,4108527,157312,Null
TLV,GVA,2022-11-01,1,EUR,1557.07,1446.00,LY,4108527,157312,Null
TLV,GVA,2022-11-01,1,EUR,1644.87,1546.00,LY,4108527,157312,Null
TLV,GVA,2022-11-01,1,EUR,1732.22,1390.00,UA,4108527,157312,Null
TLV,DUB,2022-11-01,1,EUR,176.52,3.00,9U,5464917,213327,Null
TLV,DUB,2022-11-01,1,EUR,186.60,57.00,TP,5464917,213327,Null
TLV,DUB,2022-11-01,1,EUR,261.04,162.00,VS,5464917,213327,Null
TLV,DUB,2022-11-01,1,EUR,265.56,169.00,AF,5464917,213327,Null
TLV,DUB,2022-11-01,1,EUR,267.86,162.00,VS,5464917,213327,Null
TLV,DUB,2022-11-01,1,EUR,283.66,170.00,AF,5464917,213327,Null
TLV,DUB,2022-11-01,1,EUR,287.17,189.00,AF,5464917,213327,Null
TLV,DUB,2022-11-01,1,EUR,303.57,208.00,AF,5464917,213327,Null
TLV,DUB,2022-11-01,1,EUR,328.83,234.00,AF,5464917,213327,Null
TLV,DUB,2022-11-01,1,EUR,329.56,233.00,AF,5464917,213327,Null
TLV,DUB,2022-11-01,1,EUR,329.82,234.00,AF,5464917,213327,Null
TLV,DUB,2022-11-01,1,EUR,355.56,259.00,AF,5464917,213327,Null
TLV,DUB,2022-11-01,1,EUR,373.66,260.00,AF,5464917,213327,Null
TLV,DUB,2022-11-01,1,EUR,377.52,326.00,LY,5464917,213327,Null
TLV,DUB,2022-11-01,1,EUR,386.38,337.00,LY,5464917,213327,Null
TLV,DUB,2022-11-01,1,EUR,386.57,291.00,AF,5464917,213327,Null
TLV,DUB,2022-11-01,1,EUR,387.56,291.00,AF,5464917,213327,Null
TLV,DUB,2022-11-01,1,EUR,397.13,345.00,IB,5464917,213327,Null
TLV,DUB,2022-11-01,1,EUR,401.12,351.00,LY,5464917,213327,Null
TLV,DUB,2022-11-01,1,EUR,415.96,352.00,LY,5464917,213327,Null
TLV,DUB,2022-11-01,1,EUR,423.79,365.00,LY,5464917,213327,Null
TLV,DUB,2022-11-01,1,EUR,436.86,324.00,AF,5464917,213327,Null
TLV,DUB,2022-11-01,1,EUR,441.19,387.00,LY,5464917,213327,Null
TLV,DUB,2022-11-01,1,EUR,441.50,278.00,TK,5464917,213327,Null
TLV,DUB,2022-11-01,1,EUR,446.50,283.00,TK,5464917,213327,Null
TLV,DUB,2022-11-01,1,EUR,452.37,405.00,LY,5464917,213327,Null
TLV,DUB,2022-11-01,1,EUR,459.17,361.00,AF,5464917,213327,Null
TLV,DUB,2022-11-01,1,EUR,497.12,447.00,LY,5464917,213327,Null
TLV,DUB,2022-11-01,1,EUR,500.37,459.00,IB,5464917,213327,Null
TLV,DUB,2022-11-01,1,EUR,514.86,428.00,LX,5464917,213327,Null
TLV,DUB,2022-11-01,1,EUR,523.49,428.00,LH,5464917,213327,Null
TLV,DUB,2022-11-01,1,EUR,525.86,413.00,AF,5464917,213327,Null
TLV,DUB,2022-11-01,1,EUR,530.77,428.00,LH,5464917,213327,Null
TLV,DUB,2022-11-01,1,EUR,543.14,428.00,LH,5464917,213327,Null
TLV,DUB,2022-11-01,1,EUR,543.54,428.00,LH,5464917,213327,Null
TLV,DUB,2022-11-01,1,EUR,570.79,467.00,LY,5464917,213327,Null
TLV,DUB,2022-11-01,1,EUR,578.07,467.00,LY,5464917,213327,Null
TLV,DUB,2022-11-01,1,EUR,590.84,467.00,LY,5464917,213327,Null
TLV,DUB,2022-11-01,1,EUR,601.37,560.00,IB,5464917,213327,Null
TLV,DUB,2022-11-01,1,EUR,602.25,436.00,EK,5464917,213327,Null
TLV,DUB,2022-11-01,1,EUR,677.37,636.00,LY,5464917,213327,Null
TLV,DUB,2022-11-01,1,EUR,743.13,691.00,IB,5464917,213327,Null
TLV,DUB,2022-11-01,1,EUR,916.37,851.00,AF,5464917,213327,Null
TLV,DUB,2022-11-01,1,EUR,976.97,923.00,LY,5464917,213327,Null
TLV,DUB,2022-11-01,1,EUR,1181.11,1074.00,LY,5464917,213327,Null
TLV,DUB,2022-11-01,1,EUR,1774.22,1432.00,UA,5464917,213327,Null
TLV,DUB,2022-11-01,1,EUR,2159.22,1817.00,UA,5464917,213327,Null
TLV,DUB,2022-11-01,1,EUR,2413.18,1984.00,DL,5464917,213327,Null
TLV,HEL,2022-11-01,1,EUR,246.06,174.00,LO,5061378,207382,Null
TLV,HEL,2022-11-01,1,EUR,261.82,116.00,TK,5061378,207382,Null
TLV,HEL,2022-11-01,1,EUR,266.82,121.00,TK,5061378,207382,Null
TLV,HEL,2022-11-01,1,EUR,279.17,182.00,AF,5061378,207382,Null
TLV,HEL,2022-11-01,1,EUR,280.51,213.00,A3,5061378,207382,Null
TLV,HEL,2022-11-01,1,EUR,349.82,254.00,AF,5061378,207382,Null
TLV,HEL,2022-11-01,1,EUR,350.17,253.00,AF,5061378,207382,Null
TLV,HEL,2022-11-01,1,EUR,413.82,318.00,AF,5061378,207382,Null
TLV,HEL,2022-11-01,1,EUR,471.38,422.00,LY,5061378,207382,Null
TLV,HEL,2022-11-01,1,EUR,471.52,422.00,LY,5061378,207382,Null
TLV,HEL,2022-11-01,1,EUR,480.41,422.00,LY,5061378,207382,Null
TLV,HEL,2022-11-01,1,EUR,488.07,422.00,LY,5061378,207382,Null
TLV,HEL,2022-11-01,1,EUR,503.49,408.00,LH,5061378,207382,Null
TLV,HEL,2022-11-01,1,EUR,510.77,408.00,LH,5061378,207382,Null
TLV,HEL,2022-11-01,1,EUR,523.14,408.00,LH,5061378,207382,Null
TLV,HEL,2022-11-01,1,EUR,523.54,408.00,LH,5061378,207382,Null
TLV,HEL,2022-11-01,1,EUR,578.16,528.00,LY,5061378,207382,Null
TLV,HEL,2022-11-01,1,EUR,583.79,480.00,LY,5061378,207382,Null
TLV,HEL,2022-11-01,1,EUR,591.07,480.00,LY,5061378,207382,Null
TLV,HEL,2022-11-01,1,EUR,1189.37,1124.00,AF,5061378,207382,Null
TLV,HEL,2022-11-01,1,EUR,1285.97,1191.00,AF,5061378,207382,Null
TLV,HEL,2022-11-01,1,EUR,1542.86,1456.00,LX,5061378,207382,Null
TLV,HEL,2022-11-01,1,EUR,1545.77,1456.00,OS,5061378,207382,Null
TLV,HEL,2022-11-01,1,EUR,1567.74,1456.00,SN,5061378,207382,Null
TLV,HEL,2022-11-01,1,EUR,1646.07,1535.00,LY,5061378,207382,Null
TLV,HEL,2022-11-01,1,EUR,1741.14,1659.00,6X,5061378,207382,Null
TLV,HEL,2022-11-01,1,EUR,1746.49,1651.00,LH,5061378,207382,Null
TLV,HEL,2022-11-01,1,EUR,1761.77,1659.00,LH,5061378,207382,Null
TLV,HEL,2022-11-01,1,EUR,1821.77,1659.00,SN,5061378,207382,Null
TLV,HEL,2022-11-01,1,EUR,1834.54,1659.00,SN,5061378,207382,Null
TLV,HEL,2022-11-01,1,EUR,1840.79,1734.00,LY,5061378,207382,Null
TLV,HEL,2022-11-01,1,EUR,1936.79,1830.00,LY,5061378,207382,Null
TLV,HEL,2022-11-01,1,EUR,4336.22,4241.00,AY,5061378,207382,Null
TLV,HEL,2022-11-01,1,EUR,5765.52,5709.00,AY,5061378,207382,Null
TLV,CTA,2022-11-01,1,EUR,163.06,69.00,AZ,3547197,164839,Null
TLV,CTA,2022-11-01,1,EUR,181.74,69.00,AZ,3547197,164839,Null
TLV,CTA,2022-11-01,1,EUR,206.74,94.00,AZ,3547197,164839,Null
TLV,CTA,2022-11-01,1,EUR,330.52,262.00,LY,3547197,164839,Null
TLV,CTA,2022-11-01,1,EUR,346.93,271.00,LY,3547197,164839,Null
TLV,CTA,2022-11-01,1,EUR,391.81,271.00,AF,3547197,164839,Null
TLV,CTA,2022-11-01,1,EUR,453.82,308.00,TK,3547197,164839,Null
TLV,CTA,2022-11-01,1,EUR,458.82,313.00,TK,3547197,164839,Null
TLV,CTA,2022-11-01,1,EUR,549.46,428.00,LH,3547197,164839,Null
TLV,CTA,2022-11-01,1,EUR,606.18,450.00,FZ,3547197,164839,Null
TLV,CTA,2022-11-01,1,EUR,767.25,601.00,EK,3547197,164839,Null
TLV,CTA,2022-11-01,1,EUR,963.25,797.00,EK,3547197,164839,Null
TLV,CTA,2022-11-01,1,EUR,1186.36,1051.00,LY,3547197,164839,Null
TLV,CTA,2022-11-01,1,EUR,1195.25,1042.00,LY,3547197,164839,Null
